Date Time, Water Level, Sigma, I, L 
2012-03-01 00:00,-0.429,0.001,0,0
2012-03-01 01:00,-0.359,0.002,0,0
2012-03-01 02:00,-0.226,0.003,0,0
2012-03-01 03:00,-0.086,0.003,0,0
2012-03-01 04:00,0.126,0.002,0,0
2012-03-01 05:00,0.224,0.001,0,0
2012-03-01 06:00,0.271,0.002,0,0
2012-03-01 07:00,0.295,0.003,0,0
2012-03-01 08:00,0.259,0.005,0,0
2012-03-01 09:00,0.017,0.004,0,0
2012-03-01 10:00,-0.135,0.001,0,0
2012-03-01 11:00,-0.260,0.003,0,0
2012-03-01 12:00,-0.385,0.001,0,0
2012-03-01 13:00,-0.391,0.002,0,0
2012-03-01 14:00,-0.381,0.002,0,0
2012-03-01 15:00,-0.222,0.004,0,0
2012-03-01 16:00,-0.034,0.003,0,0
2012-03-01 17:00,0.054,0.002,0,0
2012-03-01 18:00,0.093,0.002,0,0
2012-03-01 19:00,0.039,0.002,0,0
2012-03-01 20:00,0.037,0.003,0,0
2012-03-01 21:00,-0.054,0.004,0,0
2012-03-01 22:00,-0.166,0.002,0,0
2012-03-01 23:00,-0.330,0.003,0,0
2012-03-02 00:00,-0.410,0.002,0,0
2012-03-02 01:00,-0.458,0.002,0,0
2012-03-02 02:00,-0.437,0.001,0,0
2012-03-02 03:00,-0.285,0.002,0,0
2012-03-02 04:00,-0.096,0.003,0,0
2012-03-02 05:00,0.138,0.002,0,0
2012-03-02 06:00,0.260,0.001,0,0
2012-03-02 07:00,0.308,0.001,0,0
2012-03-02 08:00,0.275,0.001,0,0
2012-03-02 09:00,0.143,0.001,0,0
2012-03-02 10:00,-0.003,0.002,0,0
2012-03-02 11:00,-0.131,0.003,0,0
2012-03-02 12:00,-0.224,0.001,0,0
2012-03-02 13:00,-0.320,0.001,0,0
2012-03-02 14:00,-0.334,0.000,0,0
2012-03-02 15:00,-0.244,0.002,0,0
2012-03-02 16:00,-0.124,0.002,0,0
2012-03-02 17:00,0.039,0.002,0,0
2012-03-02 18:00,0.184,0.002,0,0
2012-03-02 19:00,0.255,0.004,0,0
2012-03-02 20:00,0.246,0.001,0,0
2012-03-02 21:00,0.127,0.003,0,0
2012-03-02 22:00,0.057,0.001,0,0
2012-03-02 23:00,-0.076,0.001,0,0
2012-03-03 00:00,-0.206,0.002,0,0
2012-03-03 01:00,-0.280,0.001,0,0
2012-03-03 02:00,-0.329,0.001,0,0
2012-03-03 03:00,-0.269,0.002,0,0
2012-03-03 04:00,-0.062,0.003,0,0
2012-03-03 05:00,0.147,0.003,0,0
2012-03-03 06:00,0.297,0.001,0,0
2012-03-03 07:00,0.439,0.001,0,0
2012-03-03 08:00,0.494,0.001,0,0
2012-03-03 09:00,0.448,0.001,0,0
2012-03-03 10:00,0.314,0.003,0,0
2012-03-03 11:00,0.183,0.002,0,0
2012-03-03 12:00,0.078,0.003,0,0
2012-03-03 13:00,-0.087,0.003,0,0
2012-03-03 14:00,-0.198,0.002,0,0
2012-03-03 15:00,-0.291,0.001,0,0
2012-03-03 16:00,-0.192,0.004,0,0
2012-03-03 17:00,-0.055,0.002,0,0
2012-03-03 18:00,0.088,0.003,0,0
2012-03-03 19:00,0.264,0.002,0,0
2012-03-03 20:00,0.265,0.002,0,0
2012-03-03 21:00,0.260,0.001,0,0
2012-03-03 22:00,0.116,0.005,0,0
2012-03-03 23:00,0.075,0.002,0,0
2012-03-04 00:00,0.004,0.002,0,0
2012-03-04 01:00,-0.158,0.001,0,0
2012-03-04 02:00,-0.306,0.001,0,0
2012-03-04 03:00,-0.321,0.004,0,0
2012-03-04 04:00,-0.193,0.002,0,0
2012-03-04 05:00,0.021,0.006,0,0
2012-03-04 06:00,0.275,0.005,0,0
2012-03-04 07:00,0.488,0.001,0,0
2012-03-04 08:00,0.550,0.003,0,0
2012-03-04 09:00,0.534,0.002,0,0
2012-03-04 10:00,0.398,0.003,0,0
2012-03-04 11:00,0.250,0.006,0,0
2012-03-04 12:00,0.251,0.004,0,0
2012-03-04 13:00,0.139,0.002,0,0
2012-03-04 14:00,0.009,0.002,0,0
2012-03-04 15:00,-0.060,0.002,0,0
2012-03-04 16:00,-0.131,0.002,0,0
2012-03-04 17:00,-0.156,0.005,0,0
2012-03-04 18:00,-0.040,0.002,0,0
2012-03-04 19:00,0.230,0.009,0,0
2012-03-04 20:00,0.449,0.001,0,0
2012-03-04 21:00,0.542,0.001,0,0
2012-03-04 22:00,0.515,0.002,0,0
2012-03-04 23:00,0.483,0.003,0,0
2012-03-05 00:00,0.215,0.004,0,0
2012-03-05 01:00,-0.096,0.004,0,0
2012-03-05 02:00,-0.151,0.005,0,0
2012-03-05 03:00,-0.409,0.001,0,0
2012-03-05 04:00,-0.384,0.002,0,0
2012-03-05 05:00,-0.206,0.003,0,0
2012-03-05 06:00,-0.083,0.004,0,0
2012-03-05 07:00,0.167,0.004,0,0
2012-03-05 08:00,0.341,0.002,0,0
2012-03-05 09:00,0.474,0.002,0,0
2012-03-05 10:00,0.567,0.001,0,0
2012-03-05 11:00,0.567,0.002,0,0
2012-03-05 12:00,0.452,0.004,0,0
2012-03-05 13:00,0.257,0.003,0,0
2012-03-05 14:00,0.062,0.004,0,0
2012-03-05 15:00,-0.014,0.004,0,0
2012-03-05 16:00,-0.129,0.007,0,0
2012-03-05 17:00,-0.136,0.005,0,0
2012-03-05 18:00,-0.195,0.004,0,0
2012-03-05 19:00,-0.260,0.004,0,0
2012-03-05 20:00,-0.127,0.004,0,0
2012-03-05 21:00,0.063,0.003,0,0
2012-03-05 22:00,0.200,0.003,0,0
2012-03-05 23:00,0.255,0.002,0,0
2012-03-06 00:00,0.098,0.003,0,0
2012-03-06 01:00,-0.099,0.005,0,0
2012-03-06 02:00,-0.360,0.002,0,0
2012-03-06 03:00,-0.596,0.003,0,0
2012-03-06 04:00,-0.672,0.001,0,0
2012-03-06 05:00,-0.612,0.002,0,0
2012-03-06 06:00,-0.388,0.003,0,0
2012-03-06 07:00,-0.205,0.003,0,0
2012-03-06 08:00,0.003,0.004,0,0
2012-03-06 09:00,0.212,0.002,0,0
2012-03-06 10:00,0.408,0.002,0,0
2012-03-06 11:00,0.457,0.000,0,0
2012-03-06 12:00,0.402,0.001,0,0
2012-03-06 13:00,0.151,0.003,0,0
2012-03-06 14:00,-0.123,0.005,0,0
2012-03-06 15:00,-0.366,0.005,0,0
2012-03-06 16:00,-0.525,0.001,0,0
2012-03-06 17:00,-0.561,0.002,0,0
2012-03-06 18:00,-0.491,0.002,0,0
2012-03-06 19:00,-0.348,0.002,0,0
2012-03-06 20:00,-0.091,0.004,0,0
2012-03-06 21:00,0.156,0.003,0,0
2012-03-06 22:00,0.356,0.003,0,0
2012-03-06 23:00,0.479,0.001,0,0
2012-03-07 00:00,0.459,0.002,0,0
2012-03-07 01:00,0.214,0.003,0,0
2012-03-07 02:00,-0.061,0.004,0,0
2012-03-07 03:00,-0.334,0.003,0,0
2012-03-07 04:00,-0.557,0.002,0,0
2012-03-07 05:00,-0.687,0.001,0,0
2012-03-07 06:00,-0.690,0.001,0,0
2012-03-07 07:00,-0.523,0.003,0,0
2012-03-07 08:00,-0.244,0.005,0,0
2012-03-07 09:00,0.040,0.004,0,0
2012-03-07 10:00,0.282,0.002,0,0
2012-03-07 11:00,0.409,0.001,0,0
2012-03-07 12:00,0.427,0.000,0,0
2012-03-07 13:00,0.262,0.003,0,0
2012-03-07 14:00,0.013,0.003,0,0
2012-03-07 15:00,-0.238,0.002,0,0
2012-03-07 16:00,-0.485,0.003,0,0
2012-03-07 17:00,-0.676,0.002,0,0
2012-03-07 18:00,-0.762,0.000,0,0
2012-03-07 19:00,-0.653,0.000,1,0
2012-03-07 20:00,-0.382,0.003,0,0
2012-03-07 21:00,-0.090,0.004,0,0
2012-03-07 22:00,0.190,0.004,0,0
2012-03-07 23:00,0.375,0.001,0,0
2012-03-08 00:00,0.452,0.000,0,0
2012-03-08 01:00,0.330,0.003,0,0
2012-03-08 02:00,0.070,0.003,0,0
2012-03-08 03:00,-0.196,0.003,0,0
2012-03-08 04:00,-0.471,0.003,0,0
2012-03-08 05:00,-0.695,0.002,0,0
2012-03-08 06:00,-0.779,0.001,0,0
2012-03-08 07:00,-0.720,0.003,0,0
2012-03-08 08:00,-0.467,0.003,0,0
2012-03-08 09:00,-0.186,0.004,0,0
2012-03-08 10:00,0.082,0.003,0,0
2012-03-08 11:00,0.332,0.002,0,0
2012-03-08 12:00,0.488,0.001,0,0
2012-03-08 13:00,0.486,0.001,0,0
2012-03-08 14:00,0.277,0.004,0,0
2012-03-08 15:00,-0.037,0.004,0,0
2012-03-08 16:00,-0.341,0.004,0,0
2012-03-08 17:00,-0.598,0.003,0,0
2012-03-08 18:00,-0.766,0.001,0,0
2012-03-08 19:00,-0.788,0.001,0,0
2012-03-08 20:00,-0.596,0.004,0,0
2012-03-08 21:00,-0.322,0.004,0,0
2012-03-08 22:00,-0.043,0.003,0,0
2012-03-08 23:00,0.224,0.003,0,0
2012-03-09 00:00,0.416,0.001,0,0
2012-03-09 01:00,0.497,0.001,0,0
2012-03-09 02:00,0.391,0.003,0,0
2012-03-09 03:00,0.115,0.004,0,0
2012-03-09 04:00,-0.181,0.003,0,0
2012-03-09 05:00,-0.477,0.004,0,0
2012-03-09 06:00,-0.753,0.002,0,0
2012-03-09 07:00,-0.826,0.001,0,0
2012-03-09 08:00,-0.702,0.003,0,0
2012-03-09 09:00,-0.455,0.004,0,0
2012-03-09 10:00,-0.142,0.004,0,0
2012-03-09 11:00,0.144,0.003,0,0
2012-03-09 12:00,0.368,0.002,0,0
2012-03-09 13:00,0.473,0.001,0,0
2012-03-09 14:00,0.430,0.002,0,0
2012-03-09 15:00,0.177,0.004,0,0
2012-03-09 16:00,-0.115,0.004,0,0
2012-03-09 17:00,-0.414,0.004,0,0
2012-03-09 18:00,-0.703,0.004,0,0
2012-03-09 19:00,-0.929,0.002,0,0
2012-03-09 20:00,-0.917,0.003,0,0
2012-03-09 21:00,-0.709,0.006,0,0
2012-03-09 22:00,-0.315,0.005,0,0
2012-03-09 23:00,0.030,0.005,0,0
2012-03-10 00:00,0.361,0.004,0,0
2012-03-10 01:00,0.568,0.001,0,0
2012-03-10 02:00,0.560,0.001,0,0
2012-03-10 03:00,0.411,0.005,0,0
2012-03-10 04:00,0.151,0.003,0,0
2012-03-10 05:00,-0.121,0.004,0,0
2012-03-10 06:00,-0.417,0.004,0,0
2012-03-10 07:00,-0.624,0.002,0,0
2012-03-10 08:00,-0.705,0.001,0,0
2012-03-10 09:00,-0.595,0.003,0,0
2012-03-10 10:00,-0.365,0.004,0,0
2012-03-10 11:00,-0.052,0.004,0,0
2012-03-10 12:00,0.210,0.003,0,0
2012-03-10 13:00,0.406,0.002,0,0
2012-03-10 14:00,0.466,0.003,0,0
2012-03-10 15:00,0.365,0.004,0,0
2012-03-10 16:00,0.101,0.004,0,0
2012-03-10 17:00,-0.160,0.004,0,0
2012-03-10 18:00,-0.437,0.004,0,0
2012-03-10 19:00,-0.680,0.003,0,0
2012-03-10 20:00,-0.786,0.002,0,0
2012-03-10 21:00,-0.699,0.003,0,0
2012-03-10 22:00,-0.454,0.004,0,0
2012-03-10 23:00,-0.166,0.004,0,0
2012-03-11 00:00,0.150,0.004,0,0
2012-03-11 01:00,0.425,0.002,0,0
2012-03-11 02:00,0.585,0.001,0,0
2012-03-11 03:00,0.600,0.001,0,0
2012-03-11 04:00,0.423,0.003,0,0
2012-03-11 05:00,0.123,0.003,0,0
2012-03-11 06:00,-0.158,0.004,0,0
2012-03-11 07:00,-0.451,0.004,0,0
2012-03-11 08:00,-0.649,0.001,0,0
2012-03-11 09:00,-0.704,0.000,0,0
2012-03-11 10:00,-0.620,0.002,0,0
2012-03-11 11:00,-0.364,0.003,0,0
2012-03-11 12:00,-0.064,0.004,0,0
2012-03-11 13:00,0.218,0.003,0,0
2012-03-11 14:00,0.390,0.001,0,0
2012-03-11 15:00,0.417,0.000,0,0
2012-03-11 16:00,0.258,0.003,0,0
2012-03-11 17:00,-0.003,0.003,0,0
2012-03-11 18:00,-0.281,0.003,0,0
2012-03-11 19:00,-0.538,0.003,0,0
2012-03-11 20:00,-0.732,0.001,0,0
2012-03-11 21:00,-0.787,0.000,0,0
2012-03-11 22:00,-0.663,0.003,0,0
2012-03-11 23:00,-0.402,0.004,0,0
2012-03-12 00:00,-0.084,0.004,0,0
2012-03-12 01:00,0.207,0.003,0,0
2012-03-12 02:00,0.436,0.002,0,0
2012-03-12 03:00,0.567,0.000,0,0
2012-03-12 04:00,0.572,0.001,0,0
2012-03-12 05:00,0.368,0.004,0,0
2012-03-12 06:00,0.088,0.004,0,0
2012-03-12 07:00,-0.203,0.004,0,0
2012-03-12 08:00,-0.469,0.003,0,0
2012-03-12 09:00,-0.630,0.001,0,0
2012-03-12 10:00,-0.680,0.002,0,0
2012-03-12 11:00,-0.521,0.002,0,0
2012-03-12 12:00,-0.296,0.003,0,0
2012-03-12 13:00,-0.032,0.005,0,0
2012-03-12 14:00,0.223,0.003,0,0
2012-03-12 15:00,0.368,0.001,0,0
2012-03-12 16:00,0.396,0.001,0,0
2012-03-12 17:00,0.234,0.004,0,0
2012-03-12 18:00,-0.028,0.003,0,0
2012-03-12 19:00,-0.294,0.003,0,0
2012-03-12 20:00,-0.524,0.002,0,0
2012-03-12 21:00,-0.653,0.001,0,0
2012-03-12 22:00,-0.681,0.000,0,0
2012-03-12 23:00,-0.553,0.003,0,0
2012-03-13 00:00,-0.335,0.003,0,0
2012-03-13 01:00,-0.066,0.004,0,0
2012-03-13 02:00,0.218,0.003,0,0
2012-03-13 03:00,0.454,0.002,0,0
2012-03-13 04:00,0.564,0.000,0,0
2012-03-13 05:00,0.555,0.001,0,0
2012-03-13 06:00,0.343,0.004,0,0
2012-03-13 07:00,0.081,0.003,0,0
2012-03-13 08:00,-0.175,0.003,0,0
2012-03-13 09:00,-0.410,0.003,0,0
2012-03-13 10:00,-0.551,0.001,0,0
2012-03-13 11:00,-0.580,0.000,0,0
2012-03-13 12:00,-0.500,0.002,0,0
2012-03-13 13:00,-0.284,0.003,0,0
2012-03-13 14:00,-0.044,0.002,0,0
2012-03-13 15:00,0.172,0.003,0,0
2012-03-13 16:00,0.292,0.001,0,0
2012-03-13 17:00,0.283,0.001,0,0
2012-03-13 18:00,0.130,0.003,0,0
2012-03-13 19:00,-0.096,0.003,0,0
2012-03-13 20:00,-0.303,0.003,0,0
2012-03-13 21:00,-0.505,0.002,0,0
2012-03-13 22:00,-0.637,0.001,0,0
2012-03-13 23:00,-0.663,0.001,0,0
2012-03-14 00:00,-0.574,0.002,0,0
2012-03-14 01:00,-0.374,0.003,0,0
2012-03-14 02:00,-0.099,0.003,0,0
2012-03-14 03:00,0.168,0.003,0,0
2012-03-14 04:00,0.374,0.001,0,0
2012-03-14 05:00,0.473,0.001,0,0
2012-03-14 06:00,0.456,0.002,0,0
2012-03-14 07:00,0.263,0.003,0,0
2012-03-14 08:00,0.026,0.003,0,0
2012-03-14 09:00,-0.214,0.004,0,0
2012-03-14 10:00,-0.428,0.002,0,0
2012-03-14 11:00,-0.554,0.002,0,0
2012-03-14 12:00,-0.583,0.000,0,0
2012-03-14 13:00,-0.521,0.002,0,0
2012-03-14 14:00,-0.318,0.003,0,0
2012-03-14 15:00,-0.094,0.003,0,0
2012-03-14 16:00,0.106,0.002,0,0
2012-03-14 17:00,0.214,0.001,0,0
2012-03-14 18:00,0.224,0.001,0,0
2012-03-14 19:00,0.090,0.002,0,0
2012-03-14 20:00,-0.094,0.003,0,0
2012-03-14 21:00,-0.290,0.002,0,0
2012-03-14 22:00,-0.473,0.002,0,0
2012-03-14 23:00,-0.606,0.001,0,0
2012-03-15 00:00,-0.651,0.001,0,0
2012-03-15 01:00,-0.559,0.002,0,0
2012-03-15 02:00,-0.367,0.003,0,0
2012-03-15 03:00,-0.099,0.003,0,0
2012-03-15 04:00,0.169,0.003,0,0
2012-03-15 05:00,0.355,0.002,0,0
2012-03-15 06:00,0.454,0.000,0,0
2012-03-15 07:00,0.433,0.001,0,0
2012-03-15 08:00,0.267,0.003,0,0
2012-03-15 09:00,0.065,0.003,0,0
2012-03-15 10:00,-0.155,0.002,0,0
2012-03-15 11:00,-0.369,0.002,0,0
2012-03-15 12:00,-0.511,0.002,0,0
2012-03-15 13:00,-0.558,0.000,0,0
2012-03-15 14:00,-0.485,0.002,0,0
2012-03-15 15:00,-0.307,0.002,0,0
2012-03-15 16:00,-0.085,0.003,0,0
2012-03-15 17:00,0.109,0.002,0,0
2012-03-15 18:00,0.211,0.001,0,0
2012-03-15 19:00,0.207,0.001,0,0
2012-03-15 20:00,0.087,0.001,0,0
2012-03-15 21:00,-0.082,0.003,0,0
2012-03-15 22:00,-0.253,0.003,0,0
2012-03-15 23:00,-0.425,0.002,0,0
2012-03-16 00:00,-0.572,0.001,0,0
2012-03-16 01:00,-0.641,0.000,0,0
2012-03-16 02:00,-0.577,0.002,0,0
2012-03-16 03:00,-0.388,0.003,0,0
2012-03-16 04:00,-0.124,0.004,0,0
2012-03-16 05:00,0.130,0.003,0,0
2012-03-16 06:00,0.296,0.001,0,0
2012-03-16 07:00,0.378,0.000,0,0
2012-03-16 08:00,0.381,0.001,0,0
2012-03-16 09:00,0.236,0.003,0,0
2012-03-16 10:00,0.039,0.003,0,0
2012-03-16 11:00,-0.179,0.003,0,0
2012-03-16 12:00,-0.368,0.002,0,0
2012-03-16 13:00,-0.515,0.001,0,0
2012-03-16 14:00,-0.564,0.001,0,0
2012-03-16 15:00,-0.508,0.002,0,0
2012-03-16 16:00,-0.335,0.002,0,0
2012-03-16 17:00,-0.105,0.004,0,0
2012-03-16 18:00,0.085,0.003,0,0
2012-03-16 19:00,0.209,0.002,0,0
2012-03-16 20:00,0.245,0.001,0,0
2012-03-16 21:00,0.187,0.002,0,0
2012-03-16 22:00,0.029,0.003,0,0
2012-03-16 23:00,-0.158,0.002,0,0
2012-03-17 00:00,-0.339,0.002,0,0
2012-03-17 01:00,-0.500,0.002,0,0
2012-03-17 02:00,-0.570,0.001,0,0
2012-03-17 03:00,-0.513,0.001,0,0
2012-03-17 04:00,-0.339,0.003,0,0
2012-03-17 05:00,-0.104,0.003,0,0
2012-03-17 06:00,0.138,0.003,0,0
2012-03-17 07:00,0.317,0.002,0,0
2012-03-17 08:00,0.437,0.001,0,0
2012-03-17 09:00,0.443,0.001,0,0
2012-03-17 10:00,0.319,0.003,0,0
2012-03-17 11:00,0.115,0.002,0,0
2012-03-17 12:00,-0.079,0.003,0,0
2012-03-17 13:00,-0.297,0.003,0,0
2012-03-17 14:00,-0.459,0.001,0,0
2012-03-17 15:00,-0.513,0.001,0,0
2012-03-17 16:00,-0.447,0.002,0,0
2012-03-17 17:00,-0.261,0.003,0,0
2012-03-17 18:00,-0.031,0.003,0,0
2012-03-17 19:00,0.175,0.002,0,0
2012-03-17 20:00,0.279,0.001,0,0
2012-03-17 21:00,0.329,0.001,0,0
2012-03-17 22:00,0.267,0.002,0,0
2012-03-17 23:00,0.126,0.002,0,0
2012-03-18 00:00,-0.050,0.003,0,0
2012-03-18 01:00,-0.267,0.002,0,0
2012-03-18 02:00,-0.426,0.002,0,0
2012-03-18 03:00,-0.529,0.001,0,0
2012-03-18 04:00,-0.481,0.002,0,0
2012-03-18 05:00,-0.286,0.003,0,0
2012-03-18 06:00,-0.048,0.003,0,0
2012-03-18 07:00,0.191,0.003,0,0
2012-03-18 08:00,0.376,0.002,0,0
2012-03-18 09:00,0.500,0.001,0,0
2012-03-18 10:00,0.491,0.001,0,0
2012-03-18 11:00,0.376,0.002,0,0
2012-03-18 12:00,0.160,0.004,0,0
2012-03-18 13:00,-0.056,0.003,0,0
2012-03-18 14:00,-0.281,0.003,0,0
2012-03-18 15:00,-0.452,0.002,0,0
2012-03-18 16:00,-0.489,0.000,0,0
2012-03-18 17:00,-0.411,0.003,0,0
2012-03-18 18:00,-0.227,0.003,0,0
2012-03-18 19:00,-0.011,0.002,0,0
2012-03-18 20:00,0.173,0.002,0,0
2012-03-18 21:00,0.328,0.001,0,0
2012-03-18 22:00,0.403,0.001,0,0
2012-03-18 23:00,0.347,0.001,0,0
2012-03-19 00:00,0.135,0.004,0,0
2012-03-19 01:00,-0.088,0.003,0,0
2012-03-19 02:00,-0.321,0.003,0,0
2012-03-19 03:00,-0.478,0.000,0,0
2012-03-19 04:00,-0.534,0.001,0,0
2012-03-19 05:00,-0.497,0.001,0,0
2012-03-19 06:00,-0.292,0.003,0,0
2012-03-19 07:00,-0.071,0.003,0,0
2012-03-19 08:00,0.173,0.003,0,0
2012-03-19 09:00,0.374,0.002,0,0
2012-03-19 10:00,0.481,0.001,0,0
2012-03-19 11:00,0.485,0.001,0,0
2012-03-19 12:00,0.309,0.003,0,0
2012-03-19 13:00,0.082,0.003,0,0
2012-03-19 14:00,-0.161,0.003,0,0
2012-03-19 15:00,-0.380,0.002,0,0
2012-03-19 16:00,-0.531,0.001,0,0
2012-03-19 17:00,-0.526,0.001,0,0
2012-03-19 18:00,-0.406,0.001,0,0
2012-03-19 19:00,-0.197,0.003,0,0
2012-03-19 20:00,0.031,0.003,0,0
2012-03-19 21:00,0.258,0.003,0,0
2012-03-19 22:00,0.392,0.001,0,0
2012-03-19 23:00,0.424,0.001,0,0
2012-03-20 00:00,0.304,0.001,0,0
2012-03-20 01:00,0.107,0.003,0,0
2012-03-20 02:00,-0.125,0.003,0,0
2012-03-20 03:00,-0.358,0.003,0,0
2012-03-20 04:00,-0.513,0.002,0,0
2012-03-20 05:00,-0.579,0.000,0,0
2012-03-20 06:00,-0.508,0.002,0,0
2012-03-20 07:00,-0.305,0.003,0,0
2012-03-20 08:00,-0.046,0.003,0,0
2012-03-20 09:00,0.194,0.003,0,0
2012-03-20 10:00,0.381,0.002,0,0
2012-03-20 11:00,0.456,0.000,0,0
2012-03-20 12:00,0.431,0.002,0,0
2012-03-20 13:00,0.215,0.004,0,0
2012-03-20 14:00,-0.036,0.004,0,0
2012-03-20 15:00,-0.288,0.003,0,0
2012-03-20 16:00,-0.481,0.003,0,0
2012-03-20 17:00,-0.581,0.001,0,0
2012-03-20 18:00,-0.546,0.001,0,0
2012-03-20 19:00,-0.414,0.003,0,0
2012-03-20 20:00,-0.145,0.004,0,0
2012-03-20 21:00,0.098,0.003,0,0
2012-03-20 22:00,0.311,0.002,0,0
2012-03-20 23:00,0.434,0.001,0,0
2012-03-21 00:00,0.453,0.001,0,0
2012-03-21 01:00,0.293,0.003,0,0
2012-03-21 02:00,0.055,0.003,0,0
2012-03-21 03:00,-0.191,0.003,0,0
2012-03-21 04:00,-0.431,0.003,0,0
2012-03-21 05:00,-0.586,0.001,0,0
2012-03-21 06:00,-0.627,0.001,0,0
2012-03-21 07:00,-0.527,0.003,0,0
2012-03-21 08:00,-0.299,0.003,0,0
2012-03-21 09:00,-0.041,0.004,0,0
2012-03-21 10:00,0.187,0.003,0,0
2012-03-21 11:00,0.324,0.001,0,0
2012-03-21 12:00,0.379,0.001,0,0
2012-03-21 13:00,0.290,0.002,0,0
2012-03-21 14:00,0.068,0.003,0,0
2012-03-21 15:00,-0.190,0.003,0,0
2012-03-21 16:00,-0.402,0.003,0,0
2012-03-21 17:00,-0.576,0.002,0,0
2012-03-21 18:00,-0.659,0.001,0,0
2012-03-21 19:00,-0.589,0.002,0,0
2012-03-21 20:00,-0.388,0.002,0,0
2012-03-21 21:00,-0.108,0.004,0,0
2012-03-21 22:00,0.146,0.003,0,0
2012-03-21 23:00,0.335,0.002,0,0
2012-03-22 00:00,0.421,0.001,0,0
2012-03-22 01:00,0.367,0.001,0,0
2012-03-22 02:00,0.152,0.003,0,0
2012-03-22 03:00,-0.078,0.003,0,0
2012-03-22 04:00,-0.301,0.002,0,0
2012-03-22 05:00,-0.479,0.002,0,0
2012-03-22 06:00,-0.616,0.002,0,0
2012-03-22 07:00,-0.586,0.001,0,0
2012-03-22 08:00,-0.435,0.003,0,0
2012-03-22 09:00,-0.181,0.003,0,0
2012-03-22 10:00,0.054,0.003,0,0
2012-03-22 11:00,0.229,0.001,0,0
2012-03-22 12:00,0.354,0.001,0,0
2012-03-22 13:00,0.353,0.001,0,0
2012-03-22 14:00,0.218,0.004,0,0
2012-03-22 15:00,-0.035,0.003,0,0
2012-03-22 16:00,-0.259,0.003,0,0
2012-03-22 17:00,-0.489,0.002,0,0
2012-03-22 18:00,-0.657,0.002,0,0
2012-03-22 19:00,-0.678,0.002,0,0
2012-03-22 20:00,-0.498,0.003,0,0
2012-03-22 21:00,-0.245,0.003,0,0
2012-03-22 22:00,0.016,0.003,0,0
2012-03-22 23:00,0.235,0.002,0,0
2012-03-23 00:00,0.375,0.002,0,0
2012-03-23 01:00,0.426,0.001,0,0
2012-03-23 02:00,0.349,0.003,0,0
2012-03-23 03:00,0.118,0.003,0,0
2012-03-23 04:00,-0.109,0.004,0,0
2012-03-23 05:00,-0.349,0.003,0,0
2012-03-23 06:00,-0.549,0.002,0,0
2012-03-23 07:00,-0.628,0.000,0,0
2012-03-23 08:00,-0.569,0.002,0,0
2012-03-23 09:00,-0.356,0.003,0,0
2012-03-23 10:00,-0.115,0.004,0,0
2012-03-23 11:00,0.104,0.002,0,0
2012-03-23 12:00,0.281,0.002,0,0
2012-03-23 13:00,0.377,0.000,0,0
2012-03-23 14:00,0.359,0.001,0,0
2012-03-23 15:00,0.117,0.004,0,0
2012-03-23 16:00,-0.123,0.003,0,0
2012-03-23 17:00,-0.369,0.003,0,0
2012-03-23 18:00,-0.556,0.002,0,0
2012-03-23 19:00,-0.617,0.001,0,0
2012-03-23 20:00,-0.535,0.002,0,0
2012-03-23 21:00,-0.332,0.002,0,0
2012-03-23 22:00,-0.070,0.003,0,0
2012-03-23 23:00,0.163,0.003,0,0
2012-03-24 00:00,0.377,0.002,0,0
2012-03-24 01:00,0.492,0.000,0,0
2012-03-24 02:00,0.504,0.001,0,0
2012-03-24 03:00,0.351,0.003,0,0
2012-03-24 04:00,0.088,0.003,0,0
2012-03-24 05:00,-0.151,0.003,0,0
2012-03-24 06:00,-0.380,0.003,0,0
2012-03-24 07:00,-0.538,0.001,0,0
2012-03-24 08:00,-0.547,0.001,0,0
2012-03-24 09:00,-0.423,0.003,0,0
2012-03-24 10:00,-0.224,0.003,0,0
2012-03-24 11:00,-0.004,0.003,0,0
2012-03-24 12:00,0.198,0.002,0,0
2012-03-24 13:00,0.336,0.001,0,0
2012-03-24 14:00,0.368,0.001,0,0
2012-03-24 15:00,0.250,0.003,0,0
2012-03-24 16:00,0.039,0.002,0,0
2012-03-24 17:00,-0.168,0.002,0,0
2012-03-24 18:00,-0.380,0.005,0,0
2012-03-24 19:00,-0.604,0.001,0,0
2012-03-24 20:00,-0.554,0.003,0,0
2012-03-24 21:00,-0.404,0.002,0,0
2012-03-24 22:00,-0.202,0.003,0,0
2012-03-24 23:00,0.043,0.004,0,0
2012-03-25 00:00,0.292,0.002,0,0
2012-03-25 01:00,0.446,0.002,0,0
2012-03-25 02:00,0.510,0.001,0,0
2012-03-25 03:00,0.463,0.002,0,0
2012-03-25 04:00,0.321,0.002,0,0
2012-03-25 05:00,0.044,0.003,0,0
2012-03-25 06:00,-0.164,0.003,0,0
2012-03-25 07:00,-0.331,0.005,0,0
2012-03-25 08:00,-0.321,0.004,0,0
2012-03-25 09:00,-0.429,0.005,0,0
2012-03-25 10:00,-0.278,0.001,0,0
2012-03-25 11:00,-0.100,0.004,0,0
2012-03-25 12:00,0.180,0.003,0,0
2012-03-25 13:00,0.388,0.003,0,0
2012-03-25 14:00,0.380,0.001,0,0
2012-03-25 15:00,0.438,0.002,0,0
2012-03-25 16:00,0.199,0.005,0,0
2012-03-25 17:00,0.003,0.003,0,0
2012-03-25 18:00,-0.242,0.002,0,0
2012-03-25 19:00,-0.344,0.002,0,0
2012-03-25 20:00,-0.395,0.001,0,0
2012-03-25 21:00,-0.384,0.001,0,0
2012-03-25 22:00,-0.225,0.004,0,0
2012-03-25 23:00,0.004,0.003,0,0
2012-03-26 00:00,0.249,0.003,0,0
2012-03-26 01:00,0.426,0.002,0,0
2012-03-26 02:00,0.527,0.001,0,0
2012-03-26 03:00,0.557,0.001,0,0
2012-03-26 04:00,0.414,0.003,0,0
2012-03-26 05:00,0.215,0.003,0,0
2012-03-26 06:00,0.032,0.002,0,0
2012-03-26 07:00,-0.135,0.002,0,0
2012-03-26 08:00,-0.307,0.002,0,0
2012-03-26 09:00,-0.363,0.002,0,0
2012-03-26 10:00,-0.272,0.002,0,0
2012-03-26 11:00,-0.146,0.003,0,0
2012-03-26 12:00,0.057,0.003,0,0
2012-03-26 13:00,0.205,0.003,0,0
2012-03-26 14:00,0.355,0.002,0,0
2012-03-26 15:00,0.366,0.002,0,0
2012-03-26 16:00,0.326,0.003,0,0
2012-03-26 17:00,0.220,0.002,0,0
2012-03-26 18:00,0.070,0.002,0,0
2012-03-26 19:00,-0.116,0.002,0,0
2012-03-26 20:00,-0.257,0.002,0,0
2012-03-26 21:00,-0.309,0.001,0,0
2012-03-26 22:00,-0.207,0.002,0,0
2012-03-26 23:00,-0.007,0.002,0,0
2012-03-27 00:00,0.206,0.004,0,0
2012-03-27 01:00,0.412,0.004,0,0
2012-03-27 02:00,0.537,0.003,0,0
2012-03-27 03:00,0.626,0.001,0,0
2012-03-27 04:00,0.583,0.002,0,0
2012-03-27 05:00,0.435,0.002,0,0
2012-03-27 06:00,0.255,0.003,0,0
2012-03-27 07:00,0.020,0.002,0,0
2012-03-27 08:00,-0.127,0.001,0,0
2012-03-27 09:00,-0.222,0.002,0,0
2012-03-27 10:00,-0.232,0.001,0,0
2012-03-27 11:00,-0.157,0.002,0,0
2012-03-27 12:00,-0.073,0.003,0,0
2012-03-27 13:00,0.102,0.002,0,0
2012-03-27 14:00,0.269,0.003,0,0
2012-03-27 15:00,0.394,0.002,0,0
2012-03-27 16:00,0.416,0.001,0,0
2012-03-27 17:00,0.292,0.001,0,0
2012-03-27 18:00,0.114,0.002,0,0
2012-03-27 19:00,-0.077,0.002,0,0
2012-03-27 20:00,-0.225,0.001,0,0
2012-03-27 21:00,-0.341,0.002,0,0
2012-03-27 22:00,-0.316,0.001,0,0
2012-03-27 23:00,-0.200,0.002,0,0
2012-03-28 00:00,-0.014,0.003,0,0
2012-03-28 01:00,0.169,0.003,0,0
2012-03-28 02:00,0.370,0.002,0,0
2012-03-28 03:00,0.521,0.001,0,0
2012-03-28 04:00,0.559,0.000,0,0
2012-03-28 05:00,0.487,0.002,0,0
2012-03-28 06:00,0.319,0.002,0,0
2012-03-28 07:00,0.115,0.002,0,0
2012-03-28 08:00,-0.073,0.002,0,0
2012-03-28 09:00,-0.209,0.003,0,0
2012-03-28 10:00,-0.276,0.001,0,0
2012-03-28 11:00,-0.264,0.001,0,0
2012-03-28 12:00,-0.155,0.003,0,0
2012-03-28 13:00,-0.019,0.002,0,0
2012-03-28 14:00,0.151,0.002,0,0
2012-03-28 15:00,0.266,0.002,0,0
2012-03-28 16:00,0.327,0.002,0,0
2012-03-28 17:00,0.305,0.003,0,0
2012-03-28 18:00,0.151,0.004,0,0
2012-03-28 19:00,-0.026,0.003,0,0
2012-03-28 20:00,-0.199,0.004,0,0
2012-03-28 21:00,-0.323,0.003,0,0
2012-03-28 22:00,-0.333,0.004,0,0
2012-03-28 23:00,-0.294,0.004,0,0
2012-03-29 00:00,-0.198,0.004,0,0
2012-03-29 01:00,-0.036,0.003,0,0
2012-03-29 02:00,0.136,0.003,0,0
2012-03-29 03:00,0.299,0.003,0,0
2012-03-29 04:00,0.391,0.003,0,0
2012-03-29 05:00,0.429,0.003,0,0
2012-03-29 06:00,0.331,0.003,0,0
2012-03-29 07:00,0.145,0.004,0,0
2012-03-29 08:00,-0.034,0.004,0,0
2012-03-29 09:00,-0.206,0.003,0,0
2012-03-29 10:00,-0.343,0.001,0,0
2012-03-29 11:00,-0.421,0.000,0,0
2012-03-29 12:00,-0.408,0.001,0,0
2012-03-29 13:00,-0.295,0.003,0,0
2012-03-29 14:00,-0.150,0.002,0,0
2012-03-29 15:00,0.001,0.001,0,0
2012-03-29 16:00,0.144,0.002,0,0
2012-03-29 17:00,0.208,0.002,0,0
2012-03-29 18:00,0.169,0.002,0,0
2012-03-29 19:00,0.014,0.001,0,0
2012-03-29 20:00,-0.130,0.002,0,0
2012-03-29 21:00,-0.247,0.002,0,0
2012-03-29 22:00,-0.334,0.001,0,0
2012-03-29 23:00,-0.384,0.002,0,0
2012-03-30 00:00,-0.301,0.002,0,0
2012-03-30 01:00,-0.179,0.002,0,0
2012-03-30 02:00,-0.035,0.003,0,0
2012-03-30 03:00,0.169,0.002,0,0
2012-03-30 04:00,0.357,0.001,0,0
2012-03-30 05:00,0.455,0.001,0,0
2012-03-30 06:00,0.459,0.001,0,0
2012-03-30 07:00,0.361,0.001,0,0
2012-03-30 08:00,0.184,0.002,0,0
2012-03-30 09:00,0.037,0.002,0,0
2012-03-30 10:00,-0.080,0.001,0,0
2012-03-30 11:00,-0.174,0.001,0,0
2012-03-30 12:00,-0.221,0.001,0,0
2012-03-30 13:00,-0.196,0.002,0,0
2012-03-30 14:00,-0.104,0.002,0,0
2012-03-30 15:00,0.042,0.002,0,0
2012-03-30 16:00,0.196,0.002,0,0
2012-03-30 17:00,0.303,0.002,0,0
2012-03-30 18:00,0.338,0.001,0,0
2012-03-30 19:00,0.259,0.001,0,0
2012-03-30 20:00,0.131,0.002,0,0
2012-03-30 21:00,-0.000,0.002,0,0
2012-03-30 22:00,-0.138,0.002,0,0
2012-03-30 23:00,-0.218,0.001,0,0
2012-03-31 00:00,-0.251,0.001,0,0
2012-03-31 01:00,-0.203,0.001,0,0
2012-03-31 02:00,-0.093,0.002,0,0
2012-03-31 03:00,0.086,0.003,0,0
2012-03-31 04:00,0.290,0.003,0,0
2012-03-31 05:00,0.457,0.001,0,0
2012-03-31 06:00,0.525,0.001,0,0
2012-03-31 07:00,0.506,0.001,0,0
2012-03-31 08:00,0.396,0.001,0,0
2012-03-31 09:00,0.264,0.003,0,0
2012-03-31 10:00,0.103,0.003,0,0
2012-03-31 11:00,-0.061,0.003,0,0
2012-03-31 12:00,-0.159,0.002,0,0
2012-03-31 13:00,-0.239,0.002,0,0
2012-03-31 14:00,-0.218,0.001,0,0
2012-03-31 15:00,-0.096,0.005,0,0
2012-03-31 16:00,0.133,0.002,0,0
2012-03-31 17:00,0.259,0.002,0,0
2012-03-31 18:00,0.352,0.001,0,0
2012-03-31 19:00,0.334,0.002,0,0
2012-03-31 20:00,0.314,0.003,0,0
2012-03-31 21:00,0.218,0.003,0,0
2012-03-31 22:00,0.009,0.003,0,0
2012-03-31 23:00,-0.112,0.002,0,0
2012-04-01 00:00,-0.222,0.001,0,0
2012-04-01 01:00,-0.261,0.001,0,0
2012-04-01 02:00,-0.253,0.001,0,0
2012-04-01 03:00,-0.050,0.002,0,0
2012-04-01 04:00,0.150,0.003,0,0
2012-04-01 05:00,0.353,0.002,0,0
2012-04-01 06:00,0.469,0.003,0,0
2012-04-01 07:00,0.532,0.002,0,0
2012-04-01 08:00,0.527,0.002,0,0
2012-04-01 09:00,0.404,0.005,0,0
2012-04-01 10:00,0.337,0.002,0,0
2012-04-01 11:00,0.144,0.002,0,0
2012-04-01 12:00,0.001,0.002,0,0
2012-04-01 13:00,-0.149,0.002,0,0
2012-04-01 14:00,-0.216,0.002,0,0
2012-04-01 15:00,-0.069,0.004,0,0
2012-04-01 16:00,0.025,0.002,0,0
2012-04-01 17:00,0.193,0.003,0,0
2012-04-01 18:00,0.367,0.001,0,0
2012-04-01 19:00,0.508,0.002,0,0
2012-04-01 20:00,0.540,0.002,0,0
2012-04-01 21:00,0.481,0.003,0,0
2012-04-01 22:00,0.362,0.001,0,0
2012-04-01 23:00,0.223,0.002,0,0
2012-04-02 00:00,0.045,0.004,0,0
2012-04-02 01:00,-0.113,0.001,0,0
2012-04-02 02:00,-0.132,0.001,0,0
2012-04-02 03:00,-0.098,0.004,0,0
2012-04-02 04:00,0.097,0.002,0,0
2012-04-02 05:00,0.259,0.002,0,0
2012-04-02 06:00,0.437,0.002,0,0
2012-04-02 07:00,0.622,0.002,0,0
2012-04-02 08:00,0.695,0.002,0,0
2012-04-02 09:00,0.658,0.004,0,0
2012-04-02 10:00,0.492,0.004,0,0
2012-04-02 11:00,0.338,0.003,0,0
2012-04-02 12:00,0.136,0.003,0,0
2012-04-02 13:00,-0.075,0.003,0,0
2012-04-02 14:00,-0.237,0.002,0,0
2012-04-02 15:00,-0.282,0.001,0,0
2012-04-02 16:00,-0.228,0.002,0,0
2012-04-02 17:00,-0.049,0.002,0,0
2012-04-02 18:00,0.178,0.004,0,0
2012-04-02 19:00,0.370,0.002,0,0
2012-04-02 20:00,0.483,0.002,0,0
2012-04-02 21:00,0.539,0.004,0,0
2012-04-02 22:00,0.531,0.003,0,0
2012-04-02 23:00,0.436,0.001,0,0
2012-04-03 00:00,0.221,0.003,0,0
2012-04-03 01:00,0.071,0.002,0,0
2012-04-03 02:00,-0.135,0.002,0,0
2012-04-03 03:00,-0.223,0.001,0,0
2012-04-03 04:00,-0.201,0.003,0,0
2012-04-03 05:00,0.019,0.002,0,0
2012-04-03 06:00,0.208,0.003,0,0
2012-04-03 07:00,0.438,0.002,0,0
2012-04-03 08:00,0.594,0.001,0,0
2012-04-03 09:00,0.655,0.000,0,0
2012-04-03 10:00,0.649,0.000,0,0
2012-04-03 11:00,0.517,0.002,0,0
2012-04-03 12:00,0.327,0.002,0,0
2012-04-03 13:00,0.105,0.004,0,0
2012-04-03 14:00,-0.112,0.002,0,0
2012-04-03 15:00,-0.276,0.002,0,0
2012-04-03 16:00,-0.310,0.001,0,0
2012-04-03 17:00,-0.191,0.003,0,0
2012-04-03 18:00,0.050,0.003,0,0
2012-04-03 19:00,0.261,0.002,0,0
2012-04-03 20:00,0.466,0.003,0,0
2012-04-03 21:00,0.617,0.002,0,0
2012-04-03 22:00,0.693,0.001,0,0
2012-04-03 23:00,0.636,0.002,0,0
2012-04-04 00:00,0.404,0.003,0,0
2012-04-04 01:00,0.177,0.003,0,0
2012-04-04 02:00,-0.066,0.003,0,0
2012-04-04 03:00,-0.261,0.002,0,0
2012-04-04 04:00,-0.327,0.001,0,0
2012-04-04 05:00,-0.253,0.002,0,0
2012-04-04 06:00,-0.022,0.003,0,0
2012-04-04 07:00,0.213,0.004,0,0
2012-04-04 08:00,0.424,0.002,0,0
2012-04-04 09:00,0.617,0.002,0,0
2012-04-04 10:00,0.708,0.002,0,0
2012-04-04 11:00,0.709,0.001,0,0
2012-04-04 12:00,0.513,0.004,0,0
2012-04-04 13:00,0.266,0.002,0,0
2012-04-04 14:00,0.041,0.005,0,0
2012-04-04 15:00,-0.169,0.003,0,0
2012-04-04 16:00,-0.339,0.001,0,0
2012-04-04 17:00,-0.337,0.002,0,0
2012-04-04 18:00,-0.186,0.006,0,0
2012-04-04 19:00,0.044,0.003,0,0
2012-04-04 20:00,0.348,0.005,0,0
2012-04-04 21:00,0.591,0.004,0,0
2012-04-04 22:00,0.754,0.002,0,0
2012-04-04 23:00,0.787,0.002,0,0
2012-04-05 00:00,0.674,0.002,0,0
2012-04-05 01:00,0.402,0.003,0,0
2012-04-05 02:00,0.140,0.004,0,0
2012-04-05 03:00,-0.145,0.003,0,0
2012-04-05 04:00,-0.351,0.002,0,0
2012-04-05 05:00,-0.368,0.001,0,0
2012-04-05 06:00,-0.296,0.002,0,0
2012-04-05 07:00,-0.121,0.003,0,0
2012-04-05 08:00,0.163,0.003,0,0
2012-04-05 09:00,0.419,0.002,0,0
2012-04-05 10:00,0.615,0.001,0,0
2012-04-05 11:00,0.685,0.001,0,0
2012-04-05 12:00,0.659,0.001,0,0
2012-04-05 13:00,0.469,0.005,0,0
2012-04-05 14:00,0.195,0.005,0,0
2012-04-05 15:00,-0.099,0.004,0,0
2012-04-05 16:00,-0.354,0.005,0,0
2012-04-05 17:00,-0.492,0.004,0,0
2012-04-05 18:00,-0.419,0.004,0,0
2012-04-05 19:00,-0.188,0.004,0,0
2012-04-05 20:00,0.105,0.004,0,0
2012-04-05 21:00,0.417,0.005,0,0
2012-04-05 22:00,0.663,0.002,0,0
2012-04-05 23:00,0.845,0.002,0,0
2012-04-06 00:00,0.878,0.002,0,0
2012-04-06 01:00,0.812,0.003,0,0
2012-04-06 02:00,0.555,0.004,0,0
2012-04-06 03:00,0.253,0.005,0,0
2012-04-06 04:00,-0.017,0.002,0,0
2012-04-06 05:00,-0.141,0.003,0,0
2012-04-06 06:00,-0.328,0.001,0,0
2012-04-06 07:00,-0.367,0.003,0,0
2012-04-06 08:00,-0.076,0.010,0,0
2012-04-06 09:00,0.337,0.005,0,0
2012-04-06 10:00,0.556,0.004,0,0
2012-04-06 11:00,0.703,0.003,0,0
2012-04-06 12:00,0.812,0.002,0,0
2012-04-06 13:00,0.759,0.005,0,0
2012-04-06 14:00,0.480,0.005,0,0
2012-04-06 15:00,0.221,0.004,0,0
2012-04-06 16:00,0.006,0.003,0,0
2012-04-06 17:00,-0.250,0.003,0,0
2012-04-06 18:00,-0.409,0.002,0,0
2012-04-06 19:00,-0.399,0.004,0,0
2012-04-06 20:00,-0.128,0.004,0,0
2012-04-06 21:00,0.161,0.004,0,0
2012-04-06 22:00,0.479,0.003,0,0
2012-04-06 23:00,0.751,0.002,0,0
2012-04-07 00:00,0.958,0.003,0,0
2012-04-07 01:00,1.002,0.001,0,0
2012-04-07 02:00,0.816,0.004,0,0
2012-04-07 03:00,0.534,0.003,0,0
2012-04-07 04:00,0.228,0.004,0,0
2012-04-07 05:00,-0.040,0.003,0,0
2012-04-07 06:00,-0.265,0.003,0,0
2012-04-07 07:00,-0.351,0.000,0,0
2012-04-07 08:00,-0.255,0.002,0,0
2012-04-07 09:00,-0.026,0.003,0,0
2012-04-07 10:00,0.248,0.003,0,0
2012-04-07 11:00,0.482,0.004,0,0
2012-04-07 12:00,0.669,0.002,0,0
2012-04-07 13:00,0.733,0.001,0,0
2012-04-07 14:00,0.594,0.003,0,0
2012-04-07 15:00,0.310,0.004,0,0
2012-04-07 16:00,0.033,0.004,0,0
2012-04-07 17:00,-0.236,0.003,0,0
2012-04-07 18:00,-0.448,0.004,0,0
2012-04-07 19:00,-0.529,0.001,0,0
2012-04-07 20:00,-0.414,0.004,0,0
2012-04-07 21:00,-0.120,0.004,0,0
2012-04-07 22:00,0.207,0.004,0,0
2012-04-07 23:00,0.536,0.003,0,0
2012-04-08 00:00,0.792,0.008,0,0
2012-04-08 01:00,0.937,0.001,0,0
2012-04-08 02:00,0.930,0.001,0,0
2012-04-08 03:00,0.674,0.005,0,0
2012-04-08 04:00,0.369,0.004,0,0
2012-04-08 05:00,0.064,0.004,0,0
2012-04-08 06:00,-0.212,0.003,0,0
2012-04-08 07:00,-0.422,0.002,0,0
2012-04-08 08:00,-0.489,0.001,0,0
2012-04-08 09:00,-0.377,0.003,0,0
2012-04-08 10:00,-0.098,0.003,0,0
2012-04-08 11:00,0.190,0.004,0,0
2012-04-08 12:00,0.437,0.004,0,0
2012-04-08 13:00,0.603,0.002,0,0
2012-04-08 14:00,0.618,0.002,0,0
2012-04-08 15:00,0.416,0.004,0,0
2012-04-08 16:00,0.147,0.004,0,0
2012-04-08 17:00,-0.127,0.004,0,0
2012-04-08 18:00,-0.363,0.003,0,0
2012-04-08 19:00,-0.559,0.002,0,0
2012-04-08 20:00,-0.580,0.001,0,0
2012-04-08 21:00,-0.408,0.004,0,0
2012-04-08 22:00,-0.092,0.005,0,0
2012-04-08 23:00,0.249,0.004,0,0
2012-04-09 00:00,0.564,0.004,0,0
2012-04-09 01:00,0.826,0.005,0,0
2012-04-09 02:00,0.937,0.003,0,0
2012-04-09 03:00,0.897,0.002,0,0
2012-04-09 04:00,0.618,0.004,0,0
2012-04-09 05:00,0.345,0.004,0,0
2012-04-09 06:00,0.046,0.005,0,0
2012-04-09 07:00,-0.245,0.004,0,0
2012-04-09 08:00,-0.463,0.002,0,0
2012-04-09 09:00,-0.529,0.000,0,0
2012-04-09 10:00,-0.449,0.003,0,0
2012-04-09 11:00,-0.150,0.003,0,0
2012-04-09 12:00,0.149,0.004,0,0
2012-04-09 13:00,0.413,0.003,0,0
2012-04-09 14:00,0.576,0.002,0,0
2012-04-09 15:00,0.584,0.002,0,0
2012-04-09 16:00,0.402,0.002,0,0
2012-04-09 17:00,0.191,0.002,0,0
2012-04-09 18:00,-0.046,0.003,0,0
2012-04-09 19:00,-0.310,0.004,0,0
2012-04-09 20:00,-0.467,0.002,0,0
2012-04-09 21:00,-0.463,0.002,0,0
2012-04-09 22:00,-0.262,0.004,0,0
2012-04-09 23:00,0.019,0.004,0,0
2012-04-10 00:00,0.321,0.004,0,0
2012-04-10 01:00,0.612,0.003,0,0
2012-04-10 02:00,0.816,0.003,0,0
2012-04-10 03:00,0.910,0.003,0,0
2012-04-10 04:00,0.873,0.003,0,0
2012-04-10 05:00,0.608,0.005,0,0
2012-04-10 06:00,0.338,0.004,0,0
2012-04-10 07:00,0.053,0.004,0,0
2012-04-10 08:00,-0.214,0.003,0,0
2012-04-10 09:00,-0.375,0.002,0,0
2012-04-10 10:00,-0.442,0.001,0,0
2012-04-10 11:00,-0.386,0.002,0,0
2012-04-10 12:00,-0.136,0.004,0,0
2012-04-10 13:00,0.157,0.004,0,0
2012-04-10 14:00,0.415,0.003,0,0
2012-04-10 15:00,0.558,0.001,0,0
2012-04-10 16:00,0.545,0.002,0,0
2012-04-10 17:00,0.366,0.003,0,0
2012-04-10 18:00,0.149,0.003,0,0
2012-04-10 19:00,-0.088,0.003,0,0
2012-04-10 20:00,-0.318,0.002,0,0
2012-04-10 21:00,-0.397,0.003,0,0
2012-04-10 22:00,-0.372,0.003,0,0
2012-04-10 23:00,-0.257,0.003,0,0
2012-04-11 00:00,-0.022,0.004,0,0
2012-04-11 01:00,0.260,0.004,0,0
2012-04-11 02:00,0.535,0.005,0,0
2012-04-11 03:00,0.790,0.002,0,0
2012-04-11 04:00,0.774,0.003,0,0
2012-04-11 05:00,0.747,0.004,0,0
2012-04-11 06:00,0.569,0.003,0,0
2012-04-11 07:00,0.283,0.004,0,0
2012-04-11 08:00,-0.048,0.006,0,0
2012-04-11 09:00,-0.332,0.003,0,0
2012-04-11 10:00,-0.463,0.001,0,0
2012-04-11 11:00,-0.486,0.000,0,0
2012-04-11 12:00,-0.382,0.003,0,0
2012-04-11 13:00,-0.092,0.004,0,0
2012-04-11 14:00,0.164,0.003,0,0
2012-04-11 15:00,0.376,0.001,0,0
2012-04-11 16:00,0.441,0.001,0,0
2012-04-11 17:00,0.441,0.001,0,0
2012-04-11 18:00,0.300,0.003,0,0
2012-04-11 19:00,0.164,0.002,0,0
2012-04-11 20:00,-0.067,0.003,0,0
2012-04-11 21:00,-0.269,0.002,0,0
2012-04-11 22:00,-0.399,0.002,0,0
2012-04-11 23:00,-0.459,0.001,0,0
2012-04-12 00:00,-0.317,0.003,0,0
2012-04-12 01:00,-0.074,0.004,0,0
2012-04-12 02:00,0.188,0.003,0,0
2012-04-12 03:00,0.442,0.002,0,0
2012-04-12 04:00,0.626,0.002,0,0
2012-04-12 05:00,0.705,0.001,0,0
2012-04-12 06:00,0.654,0.002,0,0
2012-04-12 07:00,0.448,0.004,0,0
2012-04-12 08:00,0.184,0.003,0,0
2012-04-12 09:00,-0.048,0.002,0,0
2012-04-12 10:00,-0.254,0.002,0,0
2012-04-12 11:00,-0.377,0.001,0,0
2012-04-12 12:00,-0.396,0.001,0,0
2012-04-12 13:00,-0.312,0.003,0,0
2012-04-12 14:00,-0.109,0.004,0,0
2012-04-12 15:00,0.142,0.003,0,0
2012-04-12 16:00,0.342,0.003,0,0
2012-04-12 17:00,0.432,0.001,0,0
2012-04-12 18:00,0.403,0.002,0,0
2012-04-12 19:00,0.265,0.002,0,0
2012-04-12 20:00,0.046,0.002,0,0
2012-04-12 21:00,-0.119,0.003,0,0
2012-04-12 22:00,-0.267,0.002,0,0
2012-04-12 23:00,-0.369,0.001,0,0
2012-04-13 00:00,-0.380,0.001,0,0
2012-04-13 01:00,-0.298,0.002,0,0
2012-04-13 02:00,-0.087,0.001,0,0
2012-04-13 03:00,0.166,0.003,0,0
2012-04-13 04:00,0.418,0.004,0,0
2012-04-13 05:00,0.580,0.001,0,0
2012-04-13 06:00,0.643,0.000,0,0
2012-04-13 07:00,0.538,0.003,0,0
2012-04-13 08:00,0.346,0.003,0,0
2012-04-13 09:00,0.144,0.003,0,0
2012-04-13 10:00,-0.078,0.002,0,0
2012-04-13 11:00,-0.274,0.003,0,0
2012-04-13 12:00,-0.397,0.002,0,0
2012-04-13 13:00,-0.430,0.000,0,0
2012-04-13 14:00,-0.337,0.002,0,0
2012-04-13 15:00,-0.111,0.003,0,0
2012-04-13 16:00,0.112,0.003,0,0
2012-04-13 17:00,0.299,0.002,0,0
2012-04-13 18:00,0.378,0.001,0,0
2012-04-13 19:00,0.352,0.002,0,0
2012-04-13 20:00,0.216,0.003,0,0
2012-04-13 21:00,0.053,0.000,0,0
2012-04-13 22:00,-0.117,0.002,0,0
2012-04-13 23:00,-0.308,0.003,0,0
2012-04-14 00:00,-0.434,0.001,0,0
2012-04-14 01:00,-0.498,0.000,0,0
2012-04-14 02:00,-0.392,0.003,0,0
2012-04-14 03:00,-0.158,0.003,0,0
2012-04-14 04:00,0.082,0.003,0,0
2012-04-14 05:00,0.297,0.002,0,0
2012-04-14 06:00,0.449,0.001,0,0
2012-04-14 07:00,0.476,0.000,0,0
2012-04-14 08:00,0.414,0.002,0,0
2012-04-14 09:00,0.256,0.001,0,0
2012-04-14 10:00,0.063,0.004,0,0
2012-04-14 11:00,-0.171,0.002,0,0
2012-04-14 12:00,-0.370,0.002,0,0
2012-04-14 13:00,-0.495,0.000,0,0
2012-04-14 14:00,-0.501,0.001,0,0
2012-04-14 15:00,-0.371,0.003,0,0
2012-04-14 16:00,-0.141,0.003,0,0
2012-04-14 17:00,0.108,0.003,0,0
2012-04-14 18:00,0.230,0.001,0,0
2012-04-14 19:00,0.305,0.001,0,0
2012-04-14 20:00,0.308,0.001,0,0
2012-04-14 21:00,0.208,0.003,0,0
2012-04-14 22:00,0.053,0.003,0,0
2012-04-14 23:00,-0.126,0.003,0,0
2012-04-15 00:00,-0.322,0.003,0,0
2012-04-15 01:00,-0.469,0.002,0,0
2012-04-15 02:00,-0.539,0.001,0,0
2012-04-15 03:00,-0.454,0.002,0,0
2012-04-15 04:00,-0.238,0.003,0,0
2012-04-15 05:00,0.004,0.003,0,0
2012-04-15 06:00,0.203,0.003,0,0
2012-04-15 07:00,0.322,0.002,0,0
2012-04-15 08:00,0.384,0.001,0,0
2012-04-15 09:00,0.342,0.001,0,0
2012-04-15 10:00,0.172,0.003,0,0
2012-04-15 11:00,-0.030,0.003,0,0
2012-04-15 12:00,-0.269,0.003,0,0
2012-04-15 13:00,-0.467,0.002,0,0
2012-04-15 14:00,-0.581,0.002,0,0
2012-04-15 15:00,-0.574,0.002,0,0
2012-04-15 16:00,-0.409,0.003,0,0
2012-04-15 17:00,-0.192,0.003,0,0
2012-04-15 18:00,0.023,0.004,0,0
2012-04-15 19:00,0.188,0.003,0,0
2012-04-15 20:00,0.273,0.003,0,0
2012-04-15 21:00,0.304,0.003,0,0
2012-04-15 22:00,0.238,0.003,0,0
2012-04-15 23:00,0.042,0.004,0,0
2012-04-16 00:00,-0.173,0.004,0,0
2012-04-16 01:00,-0.398,0.003,0,0
2012-04-16 02:00,-0.562,0.001,0,0
2012-04-16 03:00,-0.628,0.001,0,0
2012-04-16 04:00,-0.510,0.002,0,0
2012-04-16 05:00,-0.306,0.003,0,0
2012-04-16 06:00,-0.080,0.003,0,0
2012-04-16 07:00,0.106,0.002,0,0
2012-04-16 08:00,0.283,0.001,0,0
2012-04-16 09:00,0.339,0.001,0,0
2012-04-16 10:00,0.293,0.002,0,0
2012-04-16 11:00,0.108,0.003,0,0
2012-04-16 12:00,-0.105,0.003,0,0
2012-04-16 13:00,-0.328,0.003,0,0
2012-04-16 14:00,-0.520,0.002,0,0
2012-04-16 15:00,-0.625,0.001,0,0
2012-04-16 16:00,-0.579,0.001,0,0
2012-04-16 17:00,-0.403,0.003,0,0
2012-04-16 18:00,-0.168,0.003,0,0
2012-04-16 19:00,0.058,0.003,0,0
2012-04-16 20:00,0.228,0.003,0,0
2012-04-16 21:00,0.348,0.001,0,0
2012-04-16 22:00,0.369,0.003,0,0
2012-04-16 23:00,0.284,0.002,0,0
2012-04-17 00:00,0.078,0.003,0,0
2012-04-17 01:00,-0.135,0.004,0,0
2012-04-17 02:00,-0.378,0.003,0,0
2012-04-17 03:00,-0.526,0.001,0,0
2012-04-17 04:00,-0.571,0.001,0,0
2012-04-17 05:00,-0.438,0.002,0,0
2012-04-17 06:00,-0.262,0.003,0,0
2012-04-17 07:00,-0.045,0.003,0,0
2012-04-17 08:00,0.161,0.003,0,0
2012-04-17 09:00,0.287,0.002,0,0
2012-04-17 10:00,0.318,0.002,0,0
2012-04-17 11:00,0.243,0.002,0,0
2012-04-17 12:00,0.054,0.003,0,0
2012-04-17 13:00,-0.155,0.003,0,0
2012-04-17 14:00,-0.374,0.003,0,0
2012-04-17 15:00,-0.542,0.002,0,0
2012-04-17 16:00,-0.612,0.002,0,0
2012-04-17 17:00,-0.544,0.003,0,0
2012-04-17 18:00,-0.342,0.000,1,0
2012-04-17 19:00,-0.099,0.004,0,0
2012-04-17 20:00,0.138,0.003,0,0
2012-04-17 21:00,0.327,0.001,0,0
2012-04-17 22:00,0.414,0.001,0,0
2012-04-17 23:00,0.421,0.001,0,0
2012-04-18 00:00,0.265,0.003,0,0
2012-04-18 01:00,0.041,0.003,0,0
2012-04-18 02:00,-0.150,0.003,0,0
2012-04-18 03:00,-0.341,0.002,0,0
2012-04-18 04:00,-0.471,0.001,0,0
2012-04-18 05:00,-0.480,0.000,0,0
2012-04-18 06:00,-0.356,0.002,0,0
2012-04-18 07:00,-0.144,0.002,0,0
2012-04-18 08:00,0.094,0.003,0,0
2012-04-18 09:00,0.305,0.003,0,0
2012-04-18 10:00,0.417,0.001,0,0
2012-04-18 11:00,0.443,0.001,0,0
2012-04-18 12:00,0.343,0.002,0,0
2012-04-18 13:00,0.122,0.003,0,0
2012-04-18 14:00,-0.113,0.003,0,0
2012-04-18 15:00,-0.319,0.002,0,0
2012-04-18 16:00,-0.457,0.001,0,0
2012-04-18 17:00,-0.458,0.001,0,0
2012-04-18 18:00,-0.329,0.002,0,0
2012-04-18 19:00,-0.111,0.004,0,0
2012-04-18 20:00,0.107,0.003,0,0
2012-04-18 21:00,0.341,0.003,0,0
2012-04-18 22:00,0.523,0.002,0,0
2012-04-18 23:00,0.607,0.001,0,0
2012-04-19 00:00,0.593,0.001,0,0
2012-04-19 01:00,0.407,0.003,0,0
2012-04-19 02:00,0.173,0.003,0,0
2012-04-19 03:00,-0.059,0.003,0,0
2012-04-19 04:00,-0.247,0.002,0,0
2012-04-19 05:00,-0.340,0.000,0,0
2012-04-19 06:00,-0.315,0.001,0,0
2012-04-19 07:00,-0.194,0.003,0,0
2012-04-19 08:00,0.012,0.002,0,0
2012-04-19 09:00,0.229,0.003,0,0
2012-04-19 10:00,0.405,0.002,0,0
2012-04-19 11:00,0.508,0.001,0,0
2012-04-19 12:00,0.512,0.001,0,0
2012-04-19 13:00,0.356,0.002,0,0
2012-04-19 14:00,0.119,0.003,0,0
2012-04-19 15:00,-0.113,0.003,0,0
2012-04-19 16:00,-0.291,0.002,0,0
2012-04-19 17:00,-0.392,0.002,0,0
2012-04-19 18:00,-0.335,0.002,0,0
2012-04-19 19:00,-0.186,0.002,0,0
2012-04-19 20:00,0.025,0.003,0,0
2012-04-19 21:00,0.270,0.002,0,0
2012-04-19 22:00,0.480,0.003,0,0
2012-04-19 23:00,0.652,0.002,0,0
2012-04-20 00:00,0.697,0.001,0,0
2012-04-20 01:00,0.595,0.003,0,0
2012-04-20 02:00,0.368,0.003,0,0
2012-04-20 03:00,0.127,0.003,0,0
2012-04-20 04:00,-0.074,0.003,0,0
2012-04-20 05:00,-0.249,0.001,0,0
2012-04-20 06:00,-0.320,0.001,0,0
2012-04-20 07:00,-0.280,0.001,0,0
2012-04-20 08:00,-0.103,0.004,0,0
2012-04-20 09:00,0.106,0.002,0,0
2012-04-20 10:00,0.333,0.003,0,0
2012-04-20 11:00,0.494,0.002,0,0
2012-04-20 12:00,0.559,0.000,0,0
2012-04-20 13:00,0.551,0.002,0,0
2012-04-20 14:00,0.308,0.003,0,0
2012-04-20 15:00,0.092,0.002,0,0
2012-04-20 16:00,-0.125,0.003,0,0
2012-04-20 17:00,-0.297,0.002,0,0
2012-04-20 18:00,-0.357,0.006,0,0
2012-04-20 19:00,-0.316,0.002,0,0
2012-04-20 20:00,-0.064,0.004,0,0
2012-04-20 21:00,0.159,0.003,0,0
2012-04-20 22:00,0.413,0.003,0,0
2012-04-20 23:00,0.605,0.002,0,0
2012-04-21 00:00,0.714,0.001,0,0
2012-04-21 01:00,0.727,0.001,0,0
2012-04-21 02:00,0.548,0.003,0,0
2012-04-21 03:00,0.316,0.003,0,0
2012-04-21 04:00,0.081,0.002,0,0
2012-04-21 05:00,-0.134,0.002,0,0
2012-04-21 06:00,-0.269,0.001,0,0
2012-04-21 07:00,-0.308,0.001,0,0
2012-04-21 08:00,-0.217,0.001,0,0
2012-04-21 09:00,-0.042,0.003,0,0
2012-04-21 10:00,0.173,0.003,0,0
2012-04-21 11:00,0.368,0.002,0,0
2012-04-21 12:00,0.501,0.001,0,0
2012-04-21 13:00,0.527,0.001,0,0
2012-04-21 14:00,0.430,0.001,0,0
2012-04-21 15:00,0.200,0.003,0,0
2012-04-21 16:00,-0.026,0.003,0,0
2012-04-21 17:00,-0.208,0.002,0,0
2012-04-21 18:00,-0.328,0.004,0,0
2012-04-21 19:00,-0.307,0.001,0,0
2012-04-21 20:00,-0.168,0.004,0,0
2012-04-21 21:00,0.037,0.004,0,0
2012-04-21 22:00,0.285,0.002,0,0
2012-04-21 23:00,0.508,0.003,0,0
2012-04-22 00:00,0.683,0.002,0,0
2012-04-22 01:00,0.762,0.003,0,0
2012-04-22 02:00,0.735,0.004,0,0
2012-04-22 03:00,0.402,0.004,0,0
2012-04-22 04:00,0.229,0.003,0,0
2012-04-22 05:00,0.033,0.003,0,0
2012-04-22 06:00,-0.142,0.002,0,0
2012-04-22 07:00,-0.277,0.002,0,0
2012-04-22 08:00,-0.338,0.002,0,0
2012-04-22 09:00,-0.152,0.006,0,0
2012-04-22 10:00,0.054,0.002,0,0
2012-04-22 11:00,0.337,0.007,0,0
2012-04-22 12:00,0.549,0.002,0,0
2012-04-22 13:00,0.626,0.002,0,0
2012-04-22 14:00,0.624,0.004,0,0
2012-04-22 15:00,0.484,0.006,0,0
2012-04-22 16:00,0.251,0.004,0,0
2012-04-22 17:00,0.104,0.003,0,0
2012-04-22 18:00,-0.097,0.003,0,0
2012-04-22 19:00,-0.246,0.002,0,0
2012-04-22 20:00,-0.202,0.002,0,0
2012-04-22 21:00,-0.105,0.001,0,0
2012-04-22 22:00,0.150,0.001,0,0
2012-04-22 23:00,0.375,0.003,0,0
2012-04-23 00:00,0.555,0.003,0,0
2012-04-23 01:00,0.684,0.002,0,0
2012-04-23 02:00,0.666,0.003,0,0
2012-04-23 03:00,0.546,0.003,0,0
2012-04-23 04:00,0.350,0.003,0,0
2012-04-23 05:00,0.170,0.004,0,0
2012-04-23 06:00,-0.022,0.003,0,0
2012-04-23 07:00,-0.191,0.003,0,0
2012-04-23 08:00,-0.270,0.002,0,0
2012-04-23 09:00,-0.243,0.001,0,0
2012-04-23 10:00,-0.057,0.006,0,0
2012-04-23 11:00,0.200,0.002,0,0
2012-04-23 12:00,0.356,0.003,0,0
2012-04-23 13:00,0.485,0.002,0,0
2012-04-23 14:00,0.522,0.002,0,0
2012-04-23 15:00,0.470,0.003,0,0
2012-04-23 16:00,0.297,0.003,0,0
2012-04-23 17:00,0.101,0.003,0,0
2012-04-23 18:00,-0.097,0.004,0,0
2012-04-23 19:00,-0.224,0.003,0,0
2012-04-23 20:00,-0.306,0.003,0,0
2012-04-23 21:00,-0.245,0.004,0,0
2012-04-23 22:00,-0.006,0.004,0,0
2012-04-23 23:00,0.199,0.005,0,0
2012-04-24 00:00,0.379,0.003,0,0
2012-04-24 01:00,0.526,0.002,0,0
2012-04-24 02:00,0.594,0.002,0,0
2012-04-24 03:00,0.540,0.003,0,0
2012-04-24 04:00,0.455,0.001,0,0
2012-04-24 05:00,0.328,0.001,0,0
2012-04-24 06:00,0.129,0.003,0,0
2012-04-24 07:00,-0.085,0.003,0,0
2012-04-24 08:00,-0.243,0.002,0,0
2012-04-24 09:00,-0.291,0.002,0,0
2012-04-24 10:00,-0.181,0.003,0,0
2012-04-24 11:00,0.001,0.002,0,0
2012-04-24 12:00,0.187,0.003,0,0
2012-04-24 13:00,0.341,0.002,0,0
2012-04-24 14:00,0.436,0.002,0,0
2012-04-24 15:00,0.427,0.003,0,0
2012-04-24 16:00,0.305,0.003,0,0
2012-04-24 17:00,0.149,0.004,0,0
2012-04-24 18:00,-0.032,0.004,0,0
2012-04-24 19:00,-0.215,0.003,0,0
2012-04-24 20:00,-0.314,0.003,0,0
2012-04-24 21:00,-0.284,0.002,0,0
2012-04-24 22:00,-0.212,0.002,0,0
2012-04-24 23:00,-0.009,0.003,0,0
2012-04-25 00:00,0.178,0.003,0,0
2012-04-25 01:00,0.383,0.002,0,0
2012-04-25 02:00,0.513,0.001,0,0
2012-04-25 03:00,0.583,0.001,0,0
2012-04-25 04:00,0.578,0.001,0,0
2012-04-25 05:00,0.442,0.006,0,0
2012-04-25 06:00,0.138,0.001,0,0
2012-04-25 07:00,-0.066,0.002,0,0
2012-04-25 08:00,-0.222,0.002,0,0
2012-04-25 09:00,-0.349,0.002,0,0
2012-04-25 10:00,-0.318,0.003,0,0
2012-04-25 11:00,-0.191,0.001,0,0
2012-04-25 12:00,-0.035,0.003,0,0
2012-04-25 13:00,0.134,0.003,0,0
2012-04-25 14:00,0.255,0.001,0,0
2012-04-25 15:00,0.312,0.003,0,0
2012-04-25 16:00,0.355,0.004,0,0
2012-04-25 17:00,0.144,0.002,0,0
2012-04-25 18:00,-0.037,0.003,0,0
2012-04-25 19:00,-0.197,0.003,0,0
2012-04-25 20:00,-0.337,0.002,0,0
2012-04-25 21:00,-0.380,0.003,0,0
2012-04-25 22:00,-0.312,0.003,0,0
2012-04-25 23:00,-0.119,0.004,0,0
2012-04-26 00:00,0.035,0.002,0,0
2012-04-26 01:00,0.220,0.003,0,0
2012-04-26 02:00,0.395,0.002,0,0
2012-04-26 03:00,0.533,0.001,0,0
2012-04-26 04:00,0.548,0.001,0,0
2012-04-26 05:00,0.433,0.003,0,0
2012-04-26 06:00,0.252,0.003,0,0
2012-04-26 07:00,0.061,0.002,0,0
2012-04-26 08:00,-0.088,0.002,0,0
2012-04-26 09:00,-0.202,0.002,0,0
2012-04-26 10:00,-0.238,0.003,0,0
2012-04-26 11:00,-0.233,0.002,0,0
2012-04-26 12:00,-0.104,0.003,0,0
2012-04-26 13:00,0.065,0.003,0,0
2012-04-26 14:00,0.230,0.004,0,0
2012-04-26 15:00,0.406,0.005,0,0
2012-04-26 16:00,0.467,0.005,0,0
2012-04-26 17:00,0.404,0.006,0,0
2012-04-26 18:00,0.259,0.005,0,0
2012-04-26 19:00,0.099,0.005,0,0
2012-04-26 20:00,-0.106,0.005,0,0
2012-04-26 21:00,-0.233,0.004,0,0
2012-04-26 22:00,-0.212,0.004,0,0
2012-04-26 23:00,-0.191,0.004,0,0
2012-04-27 00:00,-0.124,0.003,0,0
2012-04-27 01:00,0.005,0.004,0,0
2012-04-27 02:00,0.263,0.007,0,0
2012-04-27 03:00,0.497,0.003,0,0
2012-04-27 04:00,0.543,0.002,0,0
2012-04-27 05:00,0.501,0.004,0,0
2012-04-27 06:00,0.344,0.004,0,0
2012-04-27 07:00,0.083,0.003,0,0
2012-04-27 08:00,-0.113,0.003,0,0
2012-04-27 09:00,-0.259,0.001,0,0
2012-04-27 10:00,-0.273,0.001,0,0
2012-04-27 11:00,-0.283,0.001,0,0
2012-04-27 12:00,-0.320,0.001,0,0
2012-04-27 13:00,-0.227,0.002,0,0
2012-04-27 14:00,-0.078,0.003,0,0
2012-04-27 15:00,0.104,0.002,0,0
2012-04-27 16:00,0.221,0.001,0,0
2012-04-27 17:00,0.289,0.001,0,0
2012-04-27 18:00,0.209,0.004,0,0
2012-04-27 19:00,0.003,0.003,0,0
2012-04-27 20:00,-0.184,0.003,0,0
2012-04-27 21:00,-0.266,0.002,0,0
2012-04-27 22:00,-0.325,0.001,0,0
2012-04-27 23:00,-0.289,0.001,0,0
2012-04-28 00:00,-0.193,0.002,0,0
2012-04-28 01:00,-0.037,0.003,0,0
2012-04-28 02:00,0.181,0.002,0,0
2012-04-28 03:00,0.366,0.001,0,0
2012-04-28 04:00,0.520,0.002,0,0
2012-04-28 05:00,0.590,0.001,0,0
2012-04-28 06:00,0.524,0.002,0,0
2012-04-28 07:00,0.337,0.002,0,0
2012-04-28 08:00,0.256,0.001,0,0
2012-04-28 09:00,-0.008,0.003,0,0
2012-04-28 10:00,-0.083,0.003,0,0
2012-04-28 11:00,-0.181,0.003,0,0
2012-04-28 12:00,-0.175,0.003,0,0
2012-04-28 13:00,-0.146,0.001,0,0
2012-04-28 14:00,-0.051,0.002,0,0
2012-04-28 15:00,0.148,0.002,0,0
2012-04-28 16:00,0.304,0.002,0,0
2012-04-28 17:00,0.406,0.003,0,0
2012-04-28 18:00,0.433,0.002,0,0
2012-04-28 19:00,0.285,0.002,0,0
2012-04-28 20:00,0.104,0.004,0,0
2012-04-28 21:00,-0.082,0.002,0,0
2012-04-28 22:00,-0.188,0.002,0,0
2012-04-28 23:00,-0.291,0.001,0,0
2012-04-29 00:00,-0.270,0.001,0,0
2012-04-29 01:00,-0.162,0.002,0,0
2012-04-29 02:00,-0.006,0.002,0,0
2012-04-29 03:00,0.172,0.003,0,0
2012-04-29 04:00,0.353,0.002,0,0
2012-04-29 05:00,0.466,0.001,0,0
2012-04-29 06:00,0.483,0.001,0,0
2012-04-29 07:00,0.380,0.002,0,0
2012-04-29 08:00,0.196,0.002,0,0
2012-04-29 09:00,0.023,0.002,0,0
2012-04-29 10:00,-0.155,0.002,0,0
2012-04-29 11:00,-0.295,0.002,0,0
2012-04-29 12:00,-0.407,0.001,0,0
2012-04-29 13:00,-0.413,0.002,0,0
2012-04-29 14:00,-0.297,0.002,0,0
2012-04-29 15:00,-0.156,0.002,0,0
2012-04-29 16:00,0.035,0.002,0,0
2012-04-29 17:00,0.210,0.002,0,0
2012-04-29 18:00,0.296,0.001,0,0
2012-04-29 19:00,0.293,0.001,0,0
2012-04-29 20:00,0.160,0.003,0,0
2012-04-29 21:00,-0.012,0.001,0,0
2012-04-29 22:00,-0.176,0.002,0,0
2012-04-29 23:00,-0.294,0.002,0,0
2012-04-30 00:00,-0.377,0.001,0,0
2012-04-30 01:00,-0.370,0.000,0,0
2012-04-30 02:00,-0.254,0.002,0,0
2012-04-30 03:00,-0.073,0.001,0,0
2012-04-30 04:00,0.089,0.003,0,0
2012-04-30 05:00,0.257,0.003,0,0
2012-04-30 06:00,0.379,0.000,0,0
2012-04-30 07:00,0.394,0.000,0,0
2012-04-30 08:00,0.269,0.003,0,0
2012-04-30 09:00,0.104,0.002,0,0
2012-04-30 10:00,-0.047,0.002,0,0
2012-04-30 11:00,-0.241,0.002,0,0
2012-04-30 12:00,-0.384,0.001,0,0
2012-04-30 13:00,-0.460,0.000,0,0
2012-04-30 14:00,-0.452,0.001,0,0
2012-04-30 15:00,-0.346,0.002,0,0
2012-04-30 16:00,-0.164,0.003,0,0
2012-04-30 17:00,0.045,0.004,0,0
2012-04-30 18:00,0.216,0.003,0,0
2012-04-30 19:00,0.294,0.002,0,0
2012-04-30 20:00,0.300,0.002,0,0
2012-04-30 21:00,0.183,0.002,0,0
2012-04-30 22:00,0.016,0.004,0,0
2012-04-30 23:00,-0.169,0.002,0,0
2012-05-01 00:00,-0.320,0.002,0,0
2012-05-01 01:00,-0.430,0.001,0,0
2012-05-01 02:00,-0.457,0.001,0,0
2012-05-01 03:00,-0.382,0.002,0,0
2012-05-01 04:00,-0.192,0.003,0,0
2012-05-01 05:00,0.004,0.002,0,0
2012-05-01 06:00,0.201,0.002,0,0
2012-05-01 07:00,0.317,0.002,0,0
2012-05-01 08:00,0.340,0.001,0,0
2012-05-01 09:00,0.263,0.002,0,0
2012-05-01 10:00,0.093,0.002,0,0
2012-05-01 11:00,-0.096,0.003,0,0
2012-05-01 12:00,-0.302,0.003,0,0
2012-05-01 13:00,-0.489,0.002,0,0
2012-05-01 14:00,-0.599,0.001,0,0
2012-05-01 15:00,-0.544,0.002,0,0
2012-05-01 16:00,-0.375,0.002,0,0
2012-05-01 17:00,-0.126,0.004,0,0
2012-05-01 18:00,0.099,0.003,0,0
2012-05-01 19:00,0.271,0.003,0,0
2012-05-01 20:00,0.347,0.005,0,0
2012-05-01 21:00,0.362,0.002,0,0
2012-05-01 22:00,0.249,0.003,0,0
2012-05-01 23:00,0.068,0.003,0,0
2012-05-02 00:00,-0.164,0.003,0,0
2012-05-02 01:00,-0.376,0.002,0,0
2012-05-02 02:00,-0.541,0.001,0,0
2012-05-02 03:00,-0.582,0.002,0,0
2012-05-02 04:00,-0.412,0.003,0,0
2012-05-02 05:00,-0.193,0.003,0,0
2012-05-02 06:00,0.054,0.003,0,0
2012-05-02 07:00,0.243,0.002,0,0
2012-05-02 08:00,0.341,0.001,0,0
2012-05-02 09:00,0.371,0.001,0,0
2012-05-02 10:00,0.241,0.001,0,0
2012-05-02 11:00,0.051,0.003,0,0
2012-05-02 12:00,-0.148,0.003,0,0
2012-05-02 13:00,-0.381,0.003,0,0
2012-05-02 14:00,-0.560,0.003,0,0
2012-05-02 15:00,-0.674,0.002,0,0
2012-05-02 16:00,-0.588,0.003,0,0
2012-05-02 17:00,-0.370,0.003,0,0
2012-05-02 18:00,-0.103,0.005,0,0
2012-05-02 19:00,0.141,0.005,0,0
2012-05-02 20:00,0.337,0.003,0,0
2012-05-02 21:00,0.455,0.002,0,0
2012-05-02 22:00,0.476,0.002,0,0
2012-05-02 23:00,0.354,0.004,0,0
2012-05-03 00:00,0.082,0.004,0,0
2012-05-03 01:00,-0.172,0.003,0,0
2012-05-03 02:00,-0.428,0.003,0,0
2012-05-03 03:00,-0.586,0.002,0,0
2012-05-03 04:00,-0.587,0.002,0,0
2012-05-03 05:00,-0.433,0.002,0,0
2012-05-03 06:00,-0.222,0.004,0,0
2012-05-03 07:00,0.013,0.002,0,0
2012-05-03 08:00,0.217,0.002,0,0
2012-05-03 09:00,0.357,0.002,0,0
2012-05-03 10:00,0.412,0.001,0,0
2012-05-03 11:00,0.332,0.003,0,0
2012-05-03 12:00,0.087,0.003,0,0
2012-05-03 13:00,-0.135,0.003,0,0
2012-05-03 14:00,-0.371,0.003,0,0
2012-05-03 15:00,-0.555,0.002,0,0
2012-05-03 16:00,-0.615,0.002,0,0
2012-05-03 17:00,-0.509,0.003,0,0
2012-05-03 18:00,-0.224,0.005,0,0
2012-05-03 19:00,0.075,0.005,0,0
2012-05-03 20:00,0.348,0.002,0,0
2012-05-03 21:00,0.575,0.002,0,0
2012-05-03 22:00,0.710,0.001,0,0
2012-05-03 23:00,0.693,0.002,0,0
2012-05-04 00:00,0.498,0.005,0,0
2012-05-04 01:00,0.226,0.004,0,0
2012-05-04 02:00,-0.040,0.004,0,0
2012-05-04 03:00,-0.294,0.002,0,0
2012-05-04 04:00,-0.456,0.002,0,0
2012-05-04 05:00,-0.473,0.002,0,0
2012-05-04 06:00,-0.357,0.003,0,0
2012-05-04 07:00,-0.128,0.004,0,0
2012-05-04 08:00,0.123,0.003,0,0
2012-05-04 09:00,0.366,0.003,0,0
2012-05-04 10:00,0.522,0.002,0,0
2012-05-04 11:00,0.535,0.001,0,0
2012-05-04 12:00,0.412,0.003,0,0
2012-05-04 13:00,0.151,0.003,0,0
2012-05-04 14:00,-0.113,0.003,0,0
2012-05-04 15:00,-0.378,0.004,0,0
2012-05-04 16:00,-0.569,0.002,0,0
2012-05-04 17:00,-0.584,0.001,0,0
2012-05-04 18:00,-0.440,0.004,0,0
2012-05-04 19:00,-0.157,0.004,0,0
2012-05-04 20:00,0.154,0.003,0,0
2012-05-04 21:00,0.459,0.004,0,0
2012-05-04 22:00,0.705,0.003,0,0
2012-05-04 23:00,0.835,0.001,0,0
2012-05-05 00:00,0.796,0.002,0,0
2012-05-05 01:00,0.545,0.004,0,0
2012-05-05 02:00,0.262,0.004,0,0
2012-05-05 03:00,-0.036,0.003,0,0
2012-05-05 04:00,-0.302,0.003,0,0
2012-05-05 05:00,-0.473,0.002,0,0
2012-05-05 06:00,-0.530,0.001,0,0
2012-05-05 07:00,-0.431,0.002,0,0
2012-05-05 08:00,-0.127,0.004,0,0
2012-05-05 09:00,0.158,0.006,0,0
2012-05-05 10:00,0.422,0.003,0,0
2012-05-05 11:00,0.557,0.001,0,0
2012-05-05 12:00,0.574,0.003,0,0
2012-05-05 13:00,0.405,0.003,0,0
2012-05-05 14:00,0.163,0.003,0,0
2012-05-05 15:00,-0.131,0.004,0,0
2012-05-05 16:00,-0.415,0.003,0,0
2012-05-05 17:00,-0.605,0.005,0,0
2012-05-05 18:00,-0.596,0.003,0,0
2012-05-05 19:00,-0.428,0.004,0,0
2012-05-05 20:00,-0.113,0.005,0,0
2012-05-05 21:00,0.239,0.004,0,0
2012-05-05 22:00,0.550,0.005,0,0
2012-05-05 23:00,0.796,0.003,0,0
2012-05-06 00:00,0.907,0.001,0,0
2012-05-06 01:00,0.915,0.002,0,0
2012-05-06 02:00,0.671,0.004,0,0
2012-05-06 03:00,0.344,0.003,0,0
2012-05-06 04:00,0.004,0.005,0,0
2012-05-06 05:00,-0.220,0.005,0,0
2012-05-06 06:00,-0.421,0.000,0,0
2012-05-06 07:00,-0.460,0.001,0,0
2012-05-06 08:00,-0.270,0.005,0,0
2012-05-06 09:00,0.032,0.006,0,0
2012-05-06 10:00,0.270,0.002,0,0
2012-05-06 11:00,0.443,0.004,0,0
2012-05-06 12:00,0.585,0.002,0,0
2012-05-06 13:00,0.627,0.001,0,0
2012-05-06 14:00,0.504,0.003,0,0
2012-05-06 15:00,0.202,0.005,0,0
2012-05-06 16:00,-0.079,0.005,0,0
2012-05-06 17:00,-0.353,0.005,0,0
2012-05-06 18:00,-0.559,0.004,0,0
2012-05-06 19:00,-0.562,0.003,0,0
2012-05-06 20:00,-0.367,0.004,0,0
2012-05-06 21:00,0.003,0.004,0,0
2012-05-06 22:00,0.348,0.007,0,0
2012-05-06 23:00,0.645,0.004,0,0
2012-05-07 00:00,0.919,0.002,0,0
2012-05-07 01:00,1.018,0.002,0,0
2012-05-07 02:00,0.964,0.002,0,0
2012-05-07 03:00,0.676,0.005,0,0
2012-05-07 04:00,0.402,0.004,0,0
2012-05-07 05:00,0.111,0.004,0,0
2012-05-07 06:00,-0.126,0.002,0,0
2012-05-07 07:00,-0.306,0.002,0,0
2012-05-07 08:00,-0.339,0.001,0,0
2012-05-07 09:00,-0.232,0.003,0,0
2012-05-07 10:00,0.002,0.003,0,0
2012-05-07 11:00,0.326,0.004,0,0
2012-05-07 12:00,0.583,0.003,0,0
2012-05-07 13:00,0.720,0.001,0,0
2012-05-07 14:00,0.703,0.001,0,0
2012-05-07 15:00,0.469,0.003,0,0
2012-05-07 16:00,0.197,0.004,0,0
2012-05-07 17:00,-0.062,0.004,0,0
2012-05-07 18:00,-0.305,0.003,0,0
2012-05-07 19:00,-0.466,0.002,0,0
2012-05-07 20:00,-0.466,0.003,0,0
2012-05-07 21:00,-0.279,0.005,0,0
2012-05-07 22:00,0.034,0.004,0,0
2012-05-07 23:00,0.365,0.005,0,0
2012-05-08 00:00,0.706,0.004,0,0
2012-05-08 01:00,0.953,0.002,0,0
2012-05-08 02:00,1.023,0.001,0,0
2012-05-08 03:00,0.948,0.003,0,0
2012-05-08 04:00,0.659,0.004,0,0
2012-05-08 05:00,0.361,0.005,0,0
2012-05-08 06:00,0.076,0.003,0,0
2012-05-08 07:00,-0.194,0.003,0,0
2012-05-08 08:00,-0.363,0.001,0,0
2012-05-08 09:00,-0.370,0.001,0,0
2012-05-08 10:00,-0.254,0.003,0,0
2012-05-08 11:00,0.034,0.004,0,0
2012-05-08 12:00,0.311,0.003,0,0
2012-05-08 13:00,0.510,0.002,0,0
2012-05-08 14:00,0.601,0.001,0,0
2012-05-08 15:00,0.560,0.002,0,0
2012-05-08 16:00,0.335,0.005,0,0
2012-05-08 17:00,0.087,0.003,0,0
2012-05-08 18:00,-0.187,0.003,0,0
2012-05-08 19:00,-0.423,0.003,0,0
2012-05-08 20:00,-0.553,0.005,0,0
2012-05-08 21:00,-0.515,0.003,0,0
2012-05-08 22:00,-0.287,0.004,0,0
2012-05-08 23:00,0.010,0.004,0,0
2012-05-09 00:00,0.323,0.005,0,0
2012-05-09 01:00,0.604,0.003,0,0
2012-05-09 02:00,0.792,0.001,0,0
2012-05-09 03:00,0.850,0.001,0,0
2012-05-09 04:00,0.770,0.002,0,0
2012-05-09 05:00,0.500,0.004,0,0
2012-05-09 06:00,0.214,0.004,0,0
2012-05-09 07:00,-0.080,0.003,0,0
2012-05-09 08:00,-0.329,0.003,0,0
2012-05-09 09:00,-0.460,0.000,0,0
2012-05-09 10:00,-0.475,0.001,0,0
2012-05-09 11:00,-0.256,0.005,0,0
2012-05-09 12:00,0.013,0.004,0,0
2012-05-09 13:00,0.240,0.003,0,0
2012-05-09 14:00,0.446,0.002,0,0
2012-05-09 15:00,0.543,0.001,0,0
2012-05-09 16:00,0.503,0.002,0,0
2012-05-09 17:00,0.274,0.005,0,0
2012-05-09 18:00,0.075,0.003,0,0
2012-05-09 19:00,-0.171,0.002,0,0
2012-05-09 20:00,-0.357,0.003,0,0
2012-05-09 21:00,-0.458,0.001,0,0
2012-05-09 22:00,-0.398,0.002,0,0
2012-05-09 23:00,-0.199,0.003,0,0
2012-05-10 00:00,0.034,0.003,0,0
2012-05-10 01:00,0.313,0.004,0,0
2012-05-10 02:00,0.592,0.004,0,0
2012-05-10 03:00,0.749,0.006,0,0
2012-05-10 04:00,0.753,0.003,0,0
2012-05-10 05:00,0.676,0.006,0,0
2012-05-10 06:00,0.429,0.006,0,0
2012-05-10 07:00,0.134,0.005,0,0
2012-05-10 08:00,-0.139,0.002,0,0
2012-05-10 09:00,-0.376,0.003,0,0
2012-05-10 10:00,-0.438,0.001,0,0
2012-05-10 11:00,-0.394,0.001,0,0
2012-05-10 12:00,-0.287,0.004,0,0
2012-05-10 13:00,0.054,0.006,0,0
2012-05-10 14:00,0.284,0.003,0,0
2012-05-10 15:00,0.475,0.002,0,0
2012-05-10 16:00,0.556,0.001,0,0
2012-05-10 17:00,0.518,0.001,0,0
2012-05-10 18:00,0.370,0.004,0,0
2012-05-10 19:00,0.164,0.003,0,0
2012-05-10 20:00,-0.069,0.003,0,0
2012-05-10 21:00,-0.259,0.002,0,0
2012-05-10 22:00,-0.357,0.001,0,0
2012-05-10 23:00,-0.350,0.001,0,0
2012-05-11 00:00,-0.176,0.003,0,0
2012-05-11 01:00,0.059,0.003,0,0
2012-05-11 02:00,0.329,0.004,0,0
2012-05-11 03:00,0.559,0.002,0,0
2012-05-11 04:00,0.702,0.001,0,0
2012-05-11 05:00,0.740,0.000,0,0
2012-05-11 06:00,0.629,0.003,0,0
2012-05-11 07:00,0.394,0.003,0,0
2012-05-11 08:00,0.149,0.004,0,0
2012-05-11 09:00,-0.085,0.003,0,0
2012-05-11 10:00,-0.274,0.002,0,0
2012-05-11 11:00,-0.383,0.001,0,0
2012-05-11 12:00,-0.351,0.002,0,0
2012-05-11 13:00,-0.195,0.003,0,0
2012-05-11 14:00,0.031,0.004,0,0
2012-05-11 15:00,0.256,0.003,0,0
2012-05-11 16:00,0.427,0.002,0,0
2012-05-11 17:00,0.497,0.001,0,0
2012-05-11 18:00,0.470,0.003,0,0
2012-05-11 19:00,0.274,0.003,0,0
2012-05-11 20:00,0.092,0.002,0,0
2012-05-11 21:00,-0.098,0.004,0,0
2012-05-11 22:00,-0.274,0.002,0,0
2012-05-11 23:00,-0.367,0.001,0,0
2012-05-12 00:00,-0.358,0.002,0,0
2012-05-12 01:00,-0.206,0.003,0,0
2012-05-12 02:00,-0.017,0.003,0,0
2012-05-12 03:00,0.224,0.004,0,0
2012-05-12 04:00,0.444,0.002,0,0
2012-05-12 05:00,0.574,0.001,0,0
2012-05-12 06:00,0.583,0.001,0,0
2012-05-12 07:00,0.457,0.003,0,0
2012-05-12 08:00,0.213,0.003,0,0
2012-05-12 09:00,0.008,0.003,0,0
2012-05-12 10:00,-0.227,0.002,0,0
2012-05-12 11:00,-0.394,0.002,0,0
2012-05-12 12:00,-0.494,0.001,0,0
2012-05-12 13:00,-0.437,0.001,0,0
2012-05-12 14:00,-0.273,0.002,0,0
2012-05-12 15:00,-0.070,0.002,0,0
2012-05-12 16:00,0.144,0.003,0,0
2012-05-12 17:00,0.316,0.003,0,0
2012-05-12 18:00,0.377,0.001,0,0
2012-05-12 19:00,0.314,0.002,0,0
2012-05-12 20:00,0.170,0.003,0,0
2012-05-12 21:00,-0.019,0.003,0,0
2012-05-12 22:00,-0.193,0.003,0,0
2012-05-12 23:00,-0.386,0.002,0,0
2012-05-13 00:00,-0.449,0.000,0,0
2012-05-13 01:00,-0.424,0.002,0,0
2012-05-13 02:00,-0.323,0.001,0,0
2012-05-13 03:00,-0.096,0.004,0,0
2012-05-13 04:00,0.121,0.003,0,0
2012-05-13 05:00,0.322,0.003,0,0
2012-05-13 06:00,0.425,0.001,0,0
2012-05-13 07:00,0.439,0.001,0,0
2012-05-13 08:00,0.312,0.003,0,0
2012-05-13 09:00,0.114,0.003,0,0
2012-05-13 10:00,-0.112,0.003,0,0
2012-05-13 11:00,-0.338,0.003,0,0
2012-05-13 12:00,-0.466,0.002,0,0
2012-05-13 13:00,-0.514,0.002,0,0
2012-05-13 14:00,-0.445,0.003,0,0
2012-05-13 15:00,-0.256,0.003,0,0
2012-05-13 16:00,-0.048,0.005,0,0
2012-05-13 17:00,0.166,0.003,0,0
2012-05-13 18:00,0.309,0.002,0,0
2012-05-13 19:00,0.372,0.001,0,0
2012-05-13 20:00,0.345,0.002,0,0
2012-05-13 21:00,0.175,0.003,0,0
2012-05-13 22:00,-0.001,0.003,0,0
2012-05-13 23:00,-0.189,0.002,0,0
2012-05-14 00:00,-0.358,0.002,0,0
2012-05-14 01:00,-0.436,0.002,0,0
2012-05-14 02:00,-0.403,0.002,0,0
2012-05-14 03:00,-0.292,0.003,0,0
2012-05-14 04:00,-0.078,0.003,0,0
2012-05-14 05:00,0.126,0.002,0,0
2012-05-14 06:00,0.308,0.001,0,0
2012-05-14 07:00,0.395,0.002,0,0
2012-05-14 08:00,0.417,0.001,0,0
2012-05-14 09:00,0.297,0.002,0,0
2012-05-14 10:00,0.110,0.003,0,0
2012-05-14 11:00,-0.097,0.003,0,0
2012-05-14 12:00,-0.271,0.003,0,0
2012-05-14 13:00,-0.422,0.002,0,0
2012-05-14 14:00,-0.446,0.002,0,0
2012-05-14 15:00,-0.351,0.002,0,0
2012-05-14 16:00,-0.186,0.003,0,0
2012-05-14 17:00,0.046,0.004,0,0
2012-05-14 18:00,0.262,0.003,0,0
2012-05-14 19:00,0.405,0.004,0,0
2012-05-14 20:00,0.467,0.002,0,0
2012-05-14 21:00,0.429,0.003,0,0
2012-05-14 22:00,0.279,0.003,0,0
2012-05-14 23:00,0.131,0.004,0,0
2012-05-15 00:00,-0.043,0.011,0,0
2012-05-15 01:00,-0.203,0.004,0,0
2012-05-15 02:00,-0.315,0.003,0,0
2012-05-15 03:00,-0.290,0.003,0,0
2012-05-15 04:00,-0.213,0.002,0,0
2012-05-15 05:00,-0.030,0.003,0,0
2012-05-15 06:00,0.196,0.003,0,0
2012-05-15 07:00,0.342,0.004,0,0
2012-05-15 08:00,0.416,0.002,0,0
2012-05-15 09:00,0.365,0.003,0,0
2012-05-15 10:00,0.262,0.002,0,0
2012-05-15 11:00,0.090,0.003,0,0
2012-05-15 12:00,-0.110,0.001,0,0
2012-05-15 13:00,-0.269,0.002,0,0
2012-05-15 14:00,-0.430,0.001,0,0
2012-05-15 15:00,-0.430,0.001,0,0
2012-05-15 16:00,-0.327,0.002,0,0
2012-05-15 17:00,-0.111,0.003,0,0
2012-05-15 18:00,0.109,0.003,0,0
2012-05-15 19:00,0.312,0.002,0,0
2012-05-15 20:00,0.429,0.002,0,0
2012-05-15 21:00,0.499,0.001,0,0
2012-05-15 22:00,0.452,0.002,0,0
2012-05-15 23:00,0.302,0.002,0,0
2012-05-16 00:00,0.139,0.004,0,0
2012-05-16 01:00,-0.077,0.002,0,0
2012-05-16 02:00,-0.243,0.002,0,0
2012-05-16 03:00,-0.349,0.001,0,0
2012-05-16 04:00,-0.329,0.001,0,0
2012-05-16 05:00,-0.192,0.002,0,0
2012-05-16 06:00,-0.028,0.002,0,0
2012-05-16 07:00,0.171,0.003,0,0
2012-05-16 08:00,0.309,0.002,0,0
2012-05-16 09:00,0.413,0.002,0,0
2012-05-16 10:00,0.384,0.001,0,0
2012-05-16 11:00,0.249,0.002,0,0
2012-05-16 12:00,0.064,0.003,0,0
2012-05-16 13:00,-0.130,0.003,0,0
2012-05-16 14:00,-0.330,0.006,0,0
2012-05-16 15:00,-0.487,0.001,0,0
2012-05-16 16:00,-0.387,0.002,0,0
2012-05-16 17:00,-0.238,0.002,0,0
2012-05-16 18:00,-0.042,0.003,0,0
2012-05-16 19:00,0.175,0.004,0,0
2012-05-16 20:00,0.362,0.002,0,0
2012-05-16 21:00,0.483,0.001,0,0
2012-05-16 22:00,0.529,0.001,0,0
2012-05-16 23:00,0.507,0.005,0,0
2012-05-17 00:00,0.292,0.002,0,0
2012-05-17 01:00,0.123,0.003,0,0
2012-05-17 02:00,-0.099,0.002,0,0
2012-05-17 03:00,-0.265,0.001,0,0
2012-05-17 04:00,-0.306,0.002,0,0
2012-05-17 05:00,-0.304,0.001,0,0
2012-05-17 06:00,-0.192,0.003,0,0
2012-05-17 07:00,0.009,0.004,0,0
2012-05-17 08:00,0.196,0.003,0,0
2012-05-17 09:00,0.340,0.002,0,0
2012-05-17 10:00,0.402,0.001,0,0
2012-05-17 11:00,0.336,0.004,0,0
2012-05-17 12:00,0.144,0.003,0,0
2012-05-17 13:00,-0.039,0.002,0,0
2012-05-17 14:00,-0.211,0.005,0,0
2012-05-17 15:00,-0.355,0.001,0,0
2012-05-17 16:00,-0.432,0.004,0,0
2012-05-17 17:00,-0.384,0.003,0,0
2012-05-17 18:00,-0.203,0.002,0,0
2012-05-17 19:00,0.004,0.004,0,0
2012-05-17 20:00,0.224,0.003,0,0
2012-05-17 21:00,0.425,0.003,0,0
2012-05-17 22:00,0.557,0.001,0,0
2012-05-17 23:00,0.544,0.003,0,0
2012-05-18 00:00,0.423,0.003,0,0
2012-05-18 01:00,0.190,0.003,0,0
2012-05-18 02:00,0.028,0.003,0,0
2012-05-18 03:00,-0.174,0.002,0,0
2012-05-18 04:00,-0.302,0.002,0,0
2012-05-18 05:00,-0.335,0.001,0,0
2012-05-18 06:00,-0.333,0.002,0,0
2012-05-18 07:00,-0.196,0.002,0,0
2012-05-18 08:00,0.002,0.003,0,0
2012-05-18 09:00,0.218,0.003,0,0
2012-05-18 10:00,0.355,0.001,0,0
2012-05-18 11:00,0.398,0.001,0,0
2012-05-18 12:00,0.293,0.003,0,0
2012-05-18 13:00,0.136,0.003,0,0
2012-05-18 14:00,-0.029,0.004,0,0
2012-05-18 15:00,-0.209,0.002,0,0
2012-05-18 16:00,-0.307,0.002,0,0
2012-05-18 17:00,-0.336,0.002,0,0
2012-05-18 18:00,-0.273,0.002,0,0
2012-05-18 19:00,-0.100,0.004,0,0
2012-05-18 20:00,0.130,0.004,0,0
2012-05-18 21:00,0.378,0.004,0,0
2012-05-18 22:00,0.563,0.002,0,0
2012-05-18 23:00,0.651,0.002,0,0
2012-05-19 00:00,0.668,0.003,0,0
2012-05-19 01:00,0.520,0.003,0,0
2012-05-19 02:00,0.292,0.004,0,0
2012-05-19 03:00,0.106,0.003,0,0
2012-05-19 04:00,-0.064,0.002,0,0
2012-05-19 05:00,-0.174,0.002,0,0
2012-05-19 06:00,-0.216,0.003,0,0
2012-05-19 07:00,-0.134,0.003,0,0
2012-05-19 08:00,0.051,0.001,0,0
2012-05-19 09:00,0.224,0.003,0,0
2012-05-19 10:00,0.386,0.002,0,0
2012-05-19 11:00,0.515,0.002,0,0
2012-05-19 12:00,0.509,0.002,0,0
2012-05-19 13:00,0.377,0.004,0,0
2012-05-19 14:00,0.167,0.003,0,0
2012-05-19 15:00,-0.025,0.003,0,0
2012-05-19 16:00,-0.207,0.004,0,0
2012-05-19 17:00,-0.306,0.003,0,0
2012-05-19 18:00,-0.291,0.003,0,0
2012-05-19 19:00,-0.136,0.004,0,0
2012-05-19 20:00,0.075,0.005,0,0
2012-05-19 21:00,0.302,0.005,0,0
2012-05-19 22:00,0.522,0.002,0,0
2012-05-19 23:00,0.663,0.002,0,0
2012-05-20 00:00,0.748,0.001,0,0
2012-05-20 01:00,0.692,0.002,0,0
2012-05-20 02:00,0.524,0.003,0,0
2012-05-20 03:00,0.299,0.003,0,0
2012-05-20 04:00,0.084,0.002,0,0
2012-05-20 05:00,-0.077,0.001,0,0
2012-05-20 06:00,-0.183,0.001,0,0
2012-05-20 07:00,-0.199,0.001,0,0
2012-05-20 08:00,-0.097,0.002,0,0
2012-05-20 09:00,0.087,0.002,0,0
2012-05-20 10:00,0.256,0.002,0,0
2012-05-20 11:00,0.430,0.002,0,0
2012-05-20 12:00,0.479,0.001,0,0
2012-05-20 13:00,0.460,0.002,0,0
2012-05-20 14:00,0.301,0.003,0,0
2012-05-20 15:00,0.084,0.002,0,0
2012-05-20 16:00,-0.110,0.002,0,0
2012-05-20 17:00,-0.263,0.002,0,0
2012-05-20 18:00,-0.323,0.001,0,0
2012-05-20 19:00,-0.256,0.002,0,0
2012-05-20 20:00,-0.037,0.003,0,0
2012-05-20 21:00,0.194,0.003,0,0
2012-05-20 22:00,0.407,0.003,0,0
2012-05-20 23:00,0.605,0.002,0,0
2012-05-21 00:00,0.698,0.001,0,0
2012-05-21 01:00,0.723,0.001,0,0
2012-05-21 02:00,0.599,0.002,0,0
2012-05-21 03:00,0.414,0.003,0,0
2012-05-21 04:00,0.178,0.002,0,0
2012-05-21 05:00,-0.015,0.003,0,0
2012-05-21 06:00,-0.184,0.000,0,0
2012-05-21 07:00,-0.248,0.001,0,0
2012-05-21 08:00,-0.195,0.003,0,0
2012-05-21 09:00,-0.033,0.003,0,0
2012-05-21 10:00,0.179,0.002,0,0
2012-05-21 11:00,0.334,0.001,0,0
2012-05-21 12:00,0.455,0.002,0,0
2012-05-21 13:00,0.467,0.001,0,0
2012-05-21 14:00,0.383,0.001,0,0
2012-05-21 15:00,0.221,0.002,0,0
2012-05-21 16:00,0.032,0.002,0,0
2012-05-21 17:00,-0.160,0.003,0,0
2012-05-21 18:00,-0.274,0.001,0,0
2012-05-21 19:00,-0.291,0.001,0,0
2012-05-21 20:00,-0.145,0.002,0,0
2012-05-21 21:00,0.066,0.003,0,0
2012-05-21 22:00,0.295,0.003,0,0
2012-05-21 23:00,0.521,0.003,0,0
2012-05-22 00:00,0.682,0.002,0,0
2012-05-22 01:00,0.770,0.001,0,0
2012-05-22 02:00,0.733,0.002,0,0
2012-05-22 03:00,0.547,0.002,0,0
2012-05-22 04:00,0.342,0.004,0,0
2012-05-22 05:00,0.101,0.003,0,0
2012-05-22 06:00,-0.081,0.002,0,0
2012-05-22 07:00,-0.201,0.002,0,0
2012-05-22 08:00,-0.227,0.002,0,0
2012-05-22 09:00,-0.116,0.002,0,0
2012-05-22 10:00,0.040,0.003,0,0
2012-05-22 11:00,0.228,0.003,0,0
2012-05-22 12:00,0.380,0.002,0,0
2012-05-22 13:00,0.473,0.002,0,0
2012-05-22 14:00,0.457,0.002,0,0
2012-05-22 15:00,0.322,0.002,0,0
2012-05-22 16:00,0.122,0.004,0,0
2012-05-22 17:00,-0.063,0.003,0,0
2012-05-22 18:00,-0.234,0.002,0,0
2012-05-22 19:00,-0.308,0.002,0,0
2012-05-22 20:00,-0.258,0.002,0,0
2012-05-22 21:00,-0.092,0.003,0,0
2012-05-22 22:00,0.112,0.003,0,0
2012-05-22 23:00,0.302,0.003,0,0
2012-05-23 00:00,0.502,0.002,0,0
2012-05-23 01:00,0.664,0.001,0,0
2012-05-23 02:00,0.705,0.001,0,0
2012-05-23 03:00,0.643,0.002,0,0
2012-05-23 04:00,0.434,0.003,0,0
2012-05-23 05:00,0.203,0.003,0,0
2012-05-23 06:00,0.013,0.003,0,0
2012-05-23 07:00,-0.179,0.002,0,0
2012-05-23 08:00,-0.226,0.002,0,0
2012-05-23 09:00,-0.242,0.001,1,0
2012-05-23 10:00,-0.164,0.009,1,0
2012-05-23 11:00,-0.012,0.001,1,0
2012-05-23 12:00,0.191,0.004,1,0
2012-05-23 13:00,0.352,0.004,0,0
2012-05-23 14:00,0.473,0.002,0,0
2012-05-23 15:00,0.498,0.003,0,0
2012-05-23 16:00,0.148,0.002,0,0
2012-05-23 17:00,-0.012,0.002,0,0
2012-05-23 18:00,-0.155,0.005,0,0
2012-05-23 19:00,-0.293,0.002,0,0
2012-05-23 20:00,-0.340,0.001,0,0
2012-05-23 21:00,-0.240,0.004,0,0
2012-05-23 22:00,-0.032,0.002,0,0
2012-05-23 23:00,0.138,0.004,0,0
2012-05-24 00:00,0.349,0.002,0,0
2012-05-24 01:00,0.558,0.001,0,0
2012-05-24 02:00,0.713,0.005,0,0
2012-05-24 03:00,0.689,0.001,0,0
2012-05-24 04:00,0.517,0.004,0,0
2012-05-24 05:00,0.284,0.003,0,0
2012-05-24 06:00,0.077,0.003,0,0
2012-05-24 07:00,-0.116,0.003,0,0
2012-05-24 08:00,-0.247,0.001,0,0
2012-05-24 09:00,-0.288,0.001,0,0
2012-05-24 10:00,-0.257,0.000,0,0
2012-05-24 11:00,-0.148,0.003,0,0
2012-05-24 12:00,0.051,0.003,0,0
2012-05-24 13:00,0.249,0.003,0,0
2012-05-24 14:00,0.389,0.001,0,0
2012-05-24 15:00,0.398,0.001,0,0
2012-05-24 16:00,0.277,0.002,0,0
2012-05-24 17:00,0.091,0.003,0,0
2012-05-24 18:00,-0.075,0.003,0,0
2012-05-24 19:00,-0.224,0.004,0,0
2012-05-24 20:00,-0.326,0.002,0,0
2012-05-24 21:00,-0.333,0.002,0,0
2012-05-24 22:00,-0.226,0.003,0,0
2012-05-24 23:00,-0.029,0.003,0,0
2012-05-25 00:00,0.179,0.003,0,0
2012-05-25 01:00,0.393,0.002,0,0
2012-05-25 02:00,0.552,0.002,0,0
2012-05-25 03:00,0.615,0.001,0,0
2012-05-25 04:00,0.574,0.003,0,0
2012-05-25 05:00,0.379,0.003,0,0
2012-05-25 06:00,0.202,0.004,0,0
2012-05-25 07:00,-0.027,0.003,0,0
2012-05-25 08:00,-0.212,0.002,0,0
2012-05-25 09:00,-0.332,0.001,0,0
2012-05-25 10:00,-0.356,0.001,0,0
2012-05-25 11:00,-0.280,0.001,0,0
2012-05-25 12:00,-0.123,0.003,0,0
2012-05-25 13:00,0.086,0.003,0,0
2012-05-25 14:00,0.257,0.003,0,0
2012-05-25 15:00,0.371,0.003,0,0
2012-05-25 16:00,0.357,0.005,0,0
2012-05-25 17:00,0.241,0.005,0,0
2012-05-25 18:00,0.068,0.004,0,0
2012-05-25 19:00,-0.096,0.003,0,0
2012-05-25 20:00,-0.242,0.005,0,0
2012-05-25 21:00,-0.347,0.003,0,0
2012-05-25 22:00,-0.307,0.003,0,0
2012-05-25 23:00,-0.186,0.003,0,0
2012-05-26 00:00,-0.010,0.003,0,0
2012-05-26 01:00,0.202,0.003,0,0
2012-05-26 02:00,0.420,0.003,0,0
2012-05-26 03:00,0.568,0.002,0,0
2012-05-26 04:00,0.615,0.002,0,0
2012-05-26 05:00,0.567,0.002,0,0
2012-05-26 06:00,0.413,0.001,0,0
2012-05-26 07:00,0.199,0.004,0,0
2012-05-26 08:00,0.015,0.003,0,0
2012-05-26 09:00,-0.163,0.001,0,0
2012-05-26 10:00,-0.249,0.002,0,0
2012-05-26 11:00,-0.264,0.002,0,0
2012-05-26 12:00,-0.163,0.004,0,0
2012-05-26 13:00,0.018,0.006,0,0
2012-05-26 14:00,0.221,0.006,0,0
2012-05-26 15:00,0.411,0.005,0,0
2012-05-26 16:00,0.491,0.005,0,0
2012-05-26 17:00,0.465,0.007,0,0
2012-05-26 18:00,0.319,0.006,0,0
2012-05-26 19:00,0.175,0.006,0,0
2012-05-26 20:00,-0.003,0.004,0,0
2012-05-26 21:00,-0.160,0.005,0,0
2012-05-26 22:00,-0.215,0.003,0,0
2012-05-26 23:00,-0.198,0.004,0,0
2012-05-27 00:00,-0.088,0.003,0,0
2012-05-27 01:00,0.121,0.004,0,0
2012-05-27 02:00,0.325,0.002,0,0
2012-05-27 03:00,0.518,0.002,0,0
2012-05-27 04:00,0.629,0.001,0,0
2012-05-27 05:00,0.641,0.001,0,0
2012-05-27 06:00,0.534,0.002,0,0
2012-05-27 07:00,0.348,0.002,0,0
2012-05-27 08:00,0.155,0.004,0,0
2012-05-27 09:00,-0.037,0.002,0,0
2012-05-27 10:00,-0.173,0.002,0,0
2012-05-27 11:00,-0.252,0.001,0,0
2012-05-27 12:00,-0.236,0.001,0,0
2012-05-27 13:00,-0.123,0.002,0,0
2012-05-27 14:00,0.045,0.003,0,0
2012-05-27 15:00,0.244,0.002,0,0
2012-05-27 16:00,0.398,0.003,0,0
2012-05-27 17:00,0.475,0.004,0,0
2012-05-27 18:00,0.429,0.003,0,0
2012-05-27 19:00,0.264,0.003,0,0
2012-05-27 20:00,0.073,0.003,0,0
2012-05-27 21:00,-0.092,0.003,0,0
2012-05-27 22:00,-0.228,0.002,0,0
2012-05-27 23:00,-0.273,0.002,0,0
2012-05-28 00:00,-0.221,0.002,0,0
2012-05-28 01:00,-0.078,0.002,0,0
2012-05-28 02:00,0.100,0.003,0,0
2012-05-28 03:00,0.295,0.003,0,0
2012-05-28 04:00,0.465,0.002,0,0
2012-05-28 05:00,0.539,0.001,0,0
2012-05-28 06:00,0.515,0.001,0,0
2012-05-28 07:00,0.338,0.002,0,0
2012-05-28 08:00,0.155,0.003,0,0
2012-05-28 09:00,-0.006,0.002,0,0
2012-05-28 10:00,-0.183,0.003,0,0
2012-05-28 11:00,-0.313,0.001,0,0
2012-05-28 12:00,-0.353,0.001,0,0
2012-05-28 13:00,-0.314,0.002,0,0
2012-05-28 14:00,-0.158,0.002,0,0
2012-05-28 15:00,0.082,0.003,0,0
2012-05-28 16:00,0.267,0.005,0,0
2012-05-28 17:00,0.407,0.002,0,0
2012-05-28 18:00,0.461,0.001,0,0
2012-05-28 19:00,0.396,0.002,0,0
2012-05-28 20:00,0.228,0.004,0,0
2012-05-28 21:00,0.068,0.002,0,0
2012-05-28 22:00,-0.099,0.003,0,0
2012-05-28 23:00,-0.258,0.002,0,0
2012-05-29 00:00,-0.346,0.001,0,0
2012-05-29 01:00,-0.303,0.002,0,0
2012-05-29 02:00,-0.142,0.002,0,0
2012-05-29 03:00,0.051,0.003,0,0
2012-05-29 04:00,0.247,0.003,0,0
2012-05-29 05:00,0.398,0.002,0,0
2012-05-29 06:00,0.465,0.001,0,0
2012-05-29 07:00,0.431,0.002,0,0
2012-05-29 08:00,0.272,0.002,0,0
2012-05-29 09:00,0.084,0.002,0,0
2012-05-29 10:00,-0.126,0.002,0,0
2012-05-29 11:00,-0.307,0.002,0,0
2012-05-29 12:00,-0.456,0.002,0,0
2012-05-29 13:00,-0.465,0.001,0,0
2012-05-29 14:00,-0.397,0.002,0,0
2012-05-29 15:00,-0.203,0.003,0,0
2012-05-29 16:00,0.016,0.003,0,0
2012-05-29 17:00,0.243,0.003,0,0
2012-05-29 18:00,0.403,0.002,0,0
2012-05-29 19:00,0.469,0.002,0,0
2012-05-29 20:00,0.441,0.002,0,0
2012-05-29 21:00,0.265,0.004,0,0
2012-05-29 22:00,0.057,0.003,0,0
2012-05-29 23:00,-0.169,0.002,0,0
2012-05-30 00:00,-0.332,0.001,0,0
2012-05-30 01:00,-0.399,0.001,0,0
2012-05-30 02:00,-0.344,0.002,0,0
2012-05-30 03:00,-0.204,0.003,0,0
2012-05-30 04:00,-0.009,0.003,0,0
2012-05-30 05:00,0.218,0.002,0,0
2012-05-30 06:00,0.367,0.002,0,0
2012-05-30 07:00,0.444,0.002,0,0
2012-05-30 08:00,0.421,0.001,0,0
2012-05-30 09:00,0.266,0.002,0,0
2012-05-30 10:00,0.059,0.002,0,0
2012-05-30 11:00,-0.076,0.002,0,0
2012-05-30 12:00,-0.278,0.002,0,0
2012-05-30 13:00,-0.314,0.003,0,0
2012-05-30 14:00,-0.380,0.004,0,0
2012-05-30 15:00,-0.161,0.008,0,0
2012-05-30 16:00,0.060,0.004,0,0
2012-05-30 17:00,0.295,0.003,0,0
2012-05-30 18:00,0.521,0.003,0,0
2012-05-30 19:00,0.676,0.002,0,0
2012-05-30 20:00,0.597,0.005,0,0
2012-05-30 21:00,0.231,0.004,0,0
2012-05-30 22:00,0.125,0.004,0,0
2012-05-30 23:00,0.103,0.004,0,0
2012-05-31 00:00,-0.049,0.003,0,0
2012-05-31 01:00,-0.304,0.003,0,0
2012-05-31 02:00,-0.451,0.001,0,0
2012-05-31 03:00,-0.432,0.002,0,0
2012-05-31 04:00,-0.280,0.003,0,0
2012-05-31 05:00,-0.042,0.004,0,0
2012-05-31 06:00,0.247,0.003,0,0
2012-05-31 07:00,0.417,0.001,0,0
2012-05-31 08:00,0.419,0.001,0,0
2012-05-31 09:00,0.367,0.002,0,0
2012-05-31 10:00,0.241,0.001,0,0
2012-05-31 11:00,0.091,0.003,0,0
2012-05-31 12:00,-0.141,0.003,0,0
2012-05-31 13:00,-0.347,0.003,0,0
2012-05-31 14:00,-0.500,0.002,0,0
2012-05-31 15:00,-0.505,0.001,0,0
2012-05-31 16:00,-0.334,0.004,0,0
2012-05-31 17:00,-0.038,0.004,0,0
2012-05-31 18:00,0.247,0.002,0,0
2012-05-31 19:00,0.497,0.003,0,0
2012-05-31 20:00,0.646,0.002,0,0
2012-05-31 21:00,0.725,0.002,0,0
2012-05-31 22:00,0.704,0.003,0,0
2012-05-31 23:00,0.518,0.003,0,0
2012-06-01 00:00,0.285,0.004,0,0
2012-06-01 01:00,0.021,0.005,0,0
2012-06-01 02:00,-0.192,0.002,0,0
2012-06-01 03:00,-0.339,0.000,0,0
2012-06-01 04:00,-0.309,0.001,0,0
2012-06-01 05:00,-0.165,0.003,0,0
2012-06-01 06:00,0.067,0.003,0,0
2012-06-01 07:00,0.265,0.002,0,0
2012-06-01 08:00,0.435,0.002,0,0
2012-06-01 09:00,0.505,0.001,0,0
2012-06-01 10:00,0.485,0.002,0,0
2012-06-01 11:00,0.318,0.003,0,0
2012-06-01 12:00,0.081,0.004,0,0
2012-06-01 13:00,-0.157,0.003,0,0
2012-06-01 14:00,-0.377,0.005,0,0
2012-06-01 15:00,-0.510,0.001,0,0
2012-06-01 16:00,-0.465,0.003,0,0
2012-06-01 17:00,-0.305,0.004,0,0
2012-06-01 18:00,-0.008,0.004,0,0
2012-06-01 19:00,0.293,0.005,0,0
2012-06-01 20:00,0.564,0.004,0,0
2012-06-01 21:00,0.767,0.003,0,0
2012-06-01 22:00,0.871,0.003,0,0
2012-06-01 23:00,0.835,0.003,0,0
2012-06-02 00:00,0.584,0.005,0,0
2012-06-02 01:00,0.369,0.003,0,0
2012-06-02 02:00,0.053,0.004,0,0
2012-06-02 03:00,-0.165,0.003,0,0
2012-06-02 04:00,-0.303,0.003,0,0
2012-06-02 05:00,-0.314,0.002,0,0
2012-06-02 06:00,-0.178,0.004,0,0
2012-06-02 07:00,0.046,0.005,0,0
2012-06-02 08:00,0.276,0.004,0,0
2012-06-02 09:00,0.445,0.001,0,0
2012-06-02 10:00,0.542,0.001,0,0
2012-06-02 11:00,0.483,0.003,0,0
2012-06-02 12:00,0.298,0.004,0,0
2012-06-02 13:00,0.062,0.004,0,0
2012-06-02 14:00,-0.216,0.003,0,0
2012-06-02 15:00,-0.395,0.003,0,0
2012-06-02 16:00,-0.547,0.001,0,0
2012-06-02 17:00,-0.478,0.003,0,0
2012-06-02 18:00,-0.266,0.004,0,0
2012-06-02 19:00,0.034,0.003,0,0
2012-06-02 20:00,0.342,0.005,0,0
2012-06-02 21:00,0.612,0.004,0,0
2012-06-02 22:00,0.837,0.002,0,0
2012-06-02 23:00,0.915,0.001,0,0
2012-06-03 00:00,0.870,0.003,0,0
2012-06-03 01:00,0.592,0.004,0,0
2012-06-03 02:00,0.302,0.004,0,0
2012-06-03 03:00,0.011,0.003,0,0
2012-06-03 04:00,-0.239,0.002,0,0
2012-06-03 05:00,-0.372,0.001,0,0
2012-06-03 06:00,-0.373,0.001,0,0
2012-06-03 07:00,-0.203,0.002,0,0
2012-06-03 08:00,0.052,0.003,0,0
2012-06-03 09:00,0.331,0.002,0,0
2012-06-03 10:00,0.530,0.002,0,0
2012-06-03 11:00,0.639,0.001,0,0
2012-06-03 12:00,0.596,0.001,0,0
2012-06-03 13:00,0.378,0.003,0,0
2012-06-03 14:00,0.137,0.003,0,0
2012-06-03 15:00,-0.123,0.003,0,0
2012-06-03 16:00,-0.337,0.002,0,0
2012-06-03 17:00,-0.474,0.002,0,0
2012-06-03 18:00,-0.436,0.002,0,0
2012-06-03 19:00,-0.239,0.003,0,0
2012-06-03 20:00,0.070,0.005,0,0
2012-06-03 21:00,0.395,0.007,0,0
2012-06-03 22:00,0.702,0.004,0,0
2012-06-03 23:00,0.920,0.003,0,0
2012-06-04 00:00,0.992,0.002,0,0
2012-06-04 01:00,0.914,0.004,0,0
2012-06-04 02:00,0.628,0.005,0,0
2012-06-04 03:00,0.338,0.005,0,0
2012-06-04 04:00,0.007,0.005,0,0
2012-06-04 05:00,-0.204,0.003,0,0
2012-06-04 06:00,-0.357,0.002,0,0
2012-06-04 07:00,-0.359,0.002,0,0
2012-06-04 08:00,-0.254,0.003,0,0
2012-06-04 09:00,0.018,0.004,0,0
2012-06-04 10:00,0.320,0.004,0,0
2012-06-04 11:00,0.520,0.003,0,0
2012-06-04 12:00,0.610,0.002,0,0
2012-06-04 13:00,0.585,0.003,0,0
2012-06-04 14:00,0.388,0.003,0,0
2012-06-04 15:00,0.134,0.003,0,0
2012-06-04 16:00,-0.156,0.003,0,0
2012-06-04 17:00,-0.355,0.006,0,0
2012-06-04 18:00,-0.483,0.002,0,0
2012-06-04 19:00,-0.413,0.003,0,0
2012-06-04 20:00,-0.203,0.005,0,0
2012-06-04 21:00,0.121,0.006,0,0
2012-06-04 22:00,0.449,0.003,0,0
2012-06-04 23:00,0.733,0.003,0,0
2012-06-05 00:00,0.925,0.002,0,0
2012-06-05 01:00,1.016,0.001,0,0
2012-06-05 02:00,0.958,0.004,0,0
2012-06-05 03:00,0.661,0.006,0,0
2012-06-05 04:00,0.338,0.004,0,0
2012-06-05 05:00,0.072,0.004,0,0
2012-06-05 06:00,-0.146,0.003,0,0
2012-06-05 07:00,-0.297,0.001,0,0
2012-06-05 08:00,-0.275,0.002,0,0
2012-06-05 09:00,-0.071,0.004,0,0
2012-06-05 10:00,0.193,0.002,0,0
2012-06-05 11:00,0.447,0.002,0,0
2012-06-05 12:00,0.686,0.001,0,0
2012-06-05 13:00,0.765,0.001,0,0
2012-06-05 14:00,0.688,0.001,0,0
2012-06-05 15:00,0.468,0.003,0,0
2012-06-05 16:00,0.231,0.003,0,0
2012-06-05 17:00,-0.047,0.004,0,0
2012-06-05 18:00,-0.216,0.003,0,0
2012-06-05 19:00,-0.304,0.001,0,0
2012-06-05 20:00,-0.242,0.004,0,0
2012-06-05 21:00,-0.100,0.003,0,0
2012-06-05 22:00,0.191,0.005,0,0
2012-06-05 23:00,0.514,0.004,0,0
2012-06-06 00:00,0.804,0.004,0,0
2012-06-06 01:00,1.025,0.001,0,0
2012-06-06 02:00,1.095,0.001,0,0
2012-06-06 03:00,0.970,0.005,0,0
2012-06-06 04:00,0.662,0.004,0,0
2012-06-06 05:00,0.407,0.003,0,0
2012-06-06 06:00,0.158,0.003,0,0
2012-06-06 07:00,-0.033,0.002,0,0
2012-06-06 08:00,-0.188,0.002,0,0
2012-06-06 09:00,-0.179,0.001,0,0
2012-06-06 10:00,-0.017,0.003,0,0
2012-06-06 11:00,0.242,0.004,0,0
2012-06-06 12:00,0.513,0.004,0,0
2012-06-06 13:00,0.716,0.002,0,0
2012-06-06 14:00,0.799,0.001,0,0
2012-06-06 15:00,0.772,0.005,0,0
2012-06-06 16:00,0.510,0.003,0,0
2012-06-06 17:00,0.264,0.004,0,0
2012-06-06 18:00,0.020,0.003,0,0
2012-06-06 19:00,-0.186,0.003,0,0
2012-06-06 20:00,-0.273,0.002,0,0
2012-06-06 21:00,-0.228,0.003,0,0
2012-06-06 22:00,-0.000,0.002,0,0
2012-06-06 23:00,0.255,0.005,0,0
2012-06-07 00:00,0.567,0.003,0,0
2012-06-07 01:00,0.836,0.003,0,0
2012-06-07 02:00,0.997,0.003,0,0
2012-06-07 03:00,1.027,0.001,0,0
2012-06-07 04:00,0.884,0.003,0,0
2012-06-07 05:00,0.614,0.003,0,0
2012-06-07 06:00,0.376,0.004,0,0
2012-06-07 07:00,0.079,0.002,0,0
2012-06-07 08:00,-0.120,0.002,0,0
2012-06-07 09:00,-0.250,0.001,0,0
2012-06-07 10:00,-0.224,0.001,0,0
2012-06-07 11:00,-0.052,0.003,0,0
2012-06-07 12:00,0.219,0.004,0,0
2012-06-07 13:00,0.463,0.003,0,0
2012-06-07 14:00,0.655,0.002,0,0
2012-06-07 15:00,0.704,0.002,0,0
2012-06-07 16:00,0.606,0.002,0,0
2012-06-07 17:00,0.407,0.002,0,0
2012-06-07 18:00,0.168,0.002,0,0
2012-06-07 19:00,-0.034,0.003,0,0
2012-06-07 20:00,-0.229,0.003,0,0
2012-06-07 21:00,-0.309,0.003,0,0
2012-06-07 22:00,-0.258,0.002,0,0
2012-06-07 23:00,-0.041,0.005,0,0
2012-06-08 00:00,0.244,0.004,0,0
2012-06-08 01:00,0.532,0.004,0,0
2012-06-08 02:00,0.749,0.003,0,0
2012-06-08 03:00,0.860,0.002,0,0
2012-06-08 04:00,0.857,0.002,0,0
2012-06-08 05:00,0.671,0.003,0,0
2012-06-08 06:00,0.412,0.004,0,0
2012-06-08 07:00,0.164,0.003,0,0
2012-06-08 08:00,-0.090,0.004,0,0
2012-06-08 09:00,-0.291,0.002,0,0
2012-06-08 10:00,-0.360,0.001,0,0
2012-06-08 11:00,-0.285,0.001,0,0
2012-06-08 12:00,-0.089,0.004,0,0
2012-06-08 13:00,0.172,0.003,0,0
2012-06-08 14:00,0.391,0.003,0,0
2012-06-08 15:00,0.525,0.001,0,0
2012-06-08 16:00,0.574,0.002,0,0
2012-06-08 17:00,0.483,0.003,0,0
2012-06-08 18:00,0.300,0.003,0,0
2012-06-08 19:00,0.078,0.004,0,0
2012-06-08 20:00,-0.141,0.003,0,0
2012-06-08 21:00,-0.318,0.002,0,0
2012-06-08 22:00,-0.373,0.001,0,0
2012-06-08 23:00,-0.310,0.003,0,0
2012-06-09 00:00,-0.107,0.004,0,0
2012-06-09 01:00,0.159,0.003,0,0
2012-06-09 02:00,0.403,0.003,0,0
2012-06-09 03:00,0.612,0.002,0,0
2012-06-09 04:00,0.706,0.001,0,0
2012-06-09 05:00,0.674,0.003,0,0
2012-06-09 06:00,0.486,0.004,0,0
2012-06-09 07:00,0.243,0.003,0,0
2012-06-09 08:00,0.004,0.003,0,0
2012-06-09 09:00,-0.224,0.002,0,0
2012-06-09 10:00,-0.358,0.002,0,0
2012-06-09 11:00,-0.395,0.001,0,0
2012-06-09 12:00,-0.279,0.002,0,0
2012-06-09 13:00,-0.089,0.003,0,0
2012-06-09 14:00,0.137,0.003,0,0
2012-06-09 15:00,0.365,0.003,0,0
2012-06-09 16:00,0.499,0.002,0,0
2012-06-09 17:00,0.546,0.002,0,0
2012-06-09 18:00,0.458,0.004,0,0
2012-06-09 19:00,0.257,0.004,0,0
2012-06-09 20:00,0.062,0.004,0,0
2012-06-09 21:00,-0.152,0.004,0,0
2012-06-09 22:00,-0.274,0.001,0,0
2012-06-09 23:00,-0.311,0.002,0,0
2012-06-10 00:00,-0.251,0.002,0,0
2012-06-10 01:00,-0.066,0.002,0,0
2012-06-10 02:00,0.150,0.004,0,0
2012-06-10 03:00,0.373,0.003,0,0
2012-06-10 04:00,0.519,0.002,0,0
2012-06-10 05:00,0.593,0.001,0,0
2012-06-10 06:00,0.534,0.003,0,0
2012-06-10 07:00,0.353,0.003,0,0
2012-06-10 08:00,0.109,0.003,0,0
2012-06-10 09:00,-0.115,0.002,0,0
2012-06-10 10:00,-0.301,0.002,0,0
2012-06-10 11:00,-0.426,0.001,0,0
2012-06-10 12:00,-0.430,0.001,0,0
2012-06-10 13:00,-0.309,0.002,0,0
2012-06-10 14:00,-0.097,0.003,0,0
2012-06-10 15:00,0.130,0.003,0,0
2012-06-10 16:00,0.328,0.003,0,0
2012-06-10 17:00,0.454,0.002,0,0
2012-06-10 18:00,0.468,0.002,0,0
2012-06-10 19:00,0.376,0.003,0,0
2012-06-10 20:00,0.197,0.003,0,0
2012-06-10 21:00,0.012,0.002,0,0
2012-06-10 22:00,-0.187,0.002,0,0
2012-06-10 23:00,-0.295,0.001,0,0
2012-06-11 00:00,-0.340,0.001,0,0
2012-06-11 01:00,-0.260,0.002,0,0
2012-06-11 02:00,-0.089,0.003,0,0
2012-06-11 03:00,0.121,0.003,0,0
2012-06-11 04:00,0.319,0.003,0,0
2012-06-11 05:00,0.453,0.001,0,0
2012-06-11 06:00,0.512,0.001,0,0
2012-06-11 07:00,0.460,0.002,0,0
2012-06-11 08:00,0.254,0.002,0,0
2012-06-11 09:00,0.079,0.003,0,0
2012-06-11 10:00,-0.120,0.003,0,0
2012-06-11 11:00,-0.307,0.002,0,0
2012-06-11 12:00,-0.396,0.000,0,0
2012-06-11 13:00,-0.351,0.001,0,0
2012-06-11 14:00,-0.232,0.002,0,0
2012-06-11 15:00,0.001,0.002,0,0
2012-06-11 16:00,0.211,0.003,0,0
2012-06-11 17:00,0.387,0.002,0,0
2012-06-11 18:00,0.505,0.002,0,0
2012-06-11 19:00,0.533,0.002,0,0
2012-06-11 20:00,0.455,0.002,0,0
2012-06-11 21:00,0.244,0.003,0,0
2012-06-11 22:00,0.086,0.003,0,0
2012-06-11 23:00,-0.086,0.002,0,0
2012-06-12 00:00,-0.204,0.001,0,0
2012-06-12 01:00,-0.257,0.001,0,0
2012-06-12 02:00,-0.179,0.001,0,0
2012-06-12 03:00,-0.033,0.003,0,0
2012-06-12 04:00,0.154,0.002,0,0
2012-06-12 05:00,0.326,0.002,0,0
2012-06-12 06:00,0.473,0.001,0,0
2012-06-12 07:00,0.478,0.001,0,0
2012-06-12 08:00,0.398,0.001,0,0
2012-06-12 09:00,0.276,0.002,0,0
2012-06-12 10:00,0.104,0.003,0,0
2012-06-12 11:00,-0.123,0.002,0,0
2012-06-12 12:00,-0.266,0.003,0,0
2012-06-12 13:00,-0.380,0.001,0,0
2012-06-12 14:00,-0.313,0.003,0,0
2012-06-12 15:00,-0.109,0.002,0,0
2012-06-12 16:00,0.099,0.004,0,0
2012-06-12 17:00,0.322,0.002,0,0
2012-06-12 18:00,0.451,0.003,0,0
2012-06-12 19:00,0.572,0.002,0,0
2012-06-12 20:00,0.571,0.002,0,0
2012-06-12 21:00,0.470,0.005,0,0
2012-06-12 22:00,0.332,0.007,0,0
2012-06-12 23:00,0.151,0.004,0,0
2012-06-13 00:00,-0.024,0.005,0,0
2012-06-13 01:00,-0.147,0.002,0,0
2012-06-13 02:00,-0.187,0.002,0,0
2012-06-13 03:00,-0.113,0.004,0,0
2012-06-13 04:00,-0.020,0.002,0,0
2012-06-13 05:00,0.184,0.003,0,0
2012-06-13 06:00,0.370,0.003,0,0
2012-06-13 07:00,0.498,0.002,0,0
2012-06-13 08:00,0.504,0.003,0,0
2012-06-13 09:00,0.352,0.003,0,0
2012-06-13 10:00,0.215,0.002,0,0
2012-06-13 11:00,0.029,0.003,0,0
2012-06-13 12:00,-0.133,0.001,0,0
2012-06-13 13:00,-0.304,0.001,0,0
2012-06-13 14:00,-0.322,0.001,0,0
2012-06-13 15:00,-0.256,0.001,0,0
2012-06-13 16:00,-0.080,0.003,0,0
2012-06-13 17:00,0.140,0.004,0,0
2012-06-13 18:00,0.358,0.003,0,0
2012-06-13 19:00,0.532,0.002,0,0
2012-06-13 20:00,0.594,0.001,0,0
2012-06-13 21:00,0.610,0.002,0,0
2012-06-13 22:00,0.495,0.003,0,0
2012-06-13 23:00,0.363,0.003,0,0
2012-06-14 00:00,0.184,0.003,0,0
2012-06-14 01:00,0.027,0.002,0,0
2012-06-14 02:00,-0.088,0.001,0,0
2012-06-14 03:00,-0.151,0.000,0,0
2012-06-14 04:00,-0.076,0.001,0,0
2012-06-14 05:00,0.067,0.002,0,0
2012-06-14 06:00,0.268,0.003,0,0
2012-06-14 07:00,0.406,0.003,0,0
2012-06-14 08:00,0.468,0.001,0,0
2012-06-14 09:00,0.463,0.001,0,0
2012-06-14 10:00,0.371,0.002,0,0
2012-06-14 11:00,0.220,0.002,0,0
2012-06-14 12:00,0.024,0.002,0,0
2012-06-14 13:00,-0.131,0.002,0,0
2012-06-14 14:00,-0.235,0.001,0,0
2012-06-14 15:00,-0.253,0.001,0,0
2012-06-14 16:00,-0.138,0.003,0,0
2012-06-14 17:00,0.063,0.003,0,0
2012-06-14 18:00,0.274,0.005,0,0
2012-06-14 19:00,0.460,0.003,0,0
2012-06-14 20:00,0.618,0.004,0,0
2012-06-14 21:00,0.698,0.003,0,0
2012-06-14 22:00,0.721,0.003,0,0
2012-06-14 23:00,0.614,0.003,0,0
2012-06-15 00:00,0.429,0.003,0,0
2012-06-15 01:00,0.257,0.003,0,0
2012-06-15 02:00,0.114,0.002,0,0
2012-06-15 03:00,0.010,0.001,0,0
2012-06-15 04:00,-0.029,0.001,0,0
2012-06-15 05:00,0.069,0.001,0,0
2012-06-15 06:00,0.244,0.002,0,0
2012-06-15 07:00,0.405,0.002,0,0
2012-06-15 08:00,0.545,0.002,0,0
2012-06-15 09:00,0.618,0.001,0,0
2012-06-15 10:00,0.609,0.002,0,0
2012-06-15 11:00,0.504,0.002,0,0
2012-06-15 12:00,0.340,0.003,0,0
2012-06-15 13:00,0.173,0.003,0,0
2012-06-15 14:00,0.010,0.003,0,0
2012-06-15 15:00,-0.086,0.003,0,0
2012-06-15 16:00,-0.118,0.003,0,0
2012-06-15 17:00,-0.008,0.003,0,0
2012-06-15 18:00,0.176,0.004,0,0
2012-06-15 19:00,0.390,0.004,0,0
2012-06-15 20:00,0.595,0.004,0,0
2012-06-15 21:00,0.752,0.003,0,0
2012-06-15 22:00,0.822,0.003,0,0
2012-06-15 23:00,0.763,0.003,0,0
2012-06-16 00:00,0.647,0.000,1,0
2012-06-16 01:00,0.470,0.000,1,0
2012-06-16 02:00,0.276,0.000,1,0
2012-06-16 03:00,0.106,0.001,0,0
2012-06-16 04:00,0.003,0.002,0,0
2012-06-16 05:00,-0.011,0.001,0,0
2012-06-16 06:00,0.055,0.001,0,0
2012-06-16 07:00,0.215,0.003,0,0
2012-06-16 08:00,0.372,0.003,0,0
2012-06-16 09:00,0.520,0.001,0,0
2012-06-16 10:00,0.606,0.001,0,0
2012-06-16 11:00,0.543,0.002,0,0
2012-06-16 12:00,0.439,0.002,0,0
2012-06-16 13:00,0.260,0.004,0,0
2012-06-16 14:00,0.080,0.003,0,0
2012-06-16 15:00,-0.064,0.003,0,0
2012-06-16 16:00,-0.162,0.003,0,0
2012-06-16 17:00,-0.107,0.002,0,0
2012-06-16 18:00,0.025,0.004,0,0
2012-06-16 19:00,0.239,0.004,0,0
2012-06-16 20:00,0.440,0.004,0,0
2012-06-16 21:00,0.644,0.003,0,0
2012-06-16 22:00,0.783,0.003,0,0
2012-06-16 23:00,0.823,0.002,0,0
2012-06-17 00:00,0.752,0.000,1,0
2012-06-17 01:00,0.601,0.000,1,0
2012-06-17 02:00,0.401,0.000,0,0
2012-06-17 03:00,0.205,0.003,0,0
2012-06-17 04:00,0.066,0.002,0,0
2012-06-17 05:00,-0.028,0.000,0,0
2012-06-17 06:00,-0.015,0.002,0,0
2012-06-17 07:00,0.104,0.002,0,0
2012-06-17 08:00,0.254,0.002,0,0
2012-06-17 09:00,0.416,0.002,0,0
2012-06-17 10:00,0.550,0.002,0,0
2012-06-17 11:00,0.607,0.001,0,0
2012-06-17 12:00,0.514,0.002,0,0
2012-06-17 13:00,0.365,0.003,0,0
2012-06-17 14:00,0.194,0.003,0,0
2012-06-17 15:00,0.025,0.003,0,0
2012-06-17 16:00,-0.103,0.002,0,0
2012-06-17 17:00,-0.130,0.001,0,0
2012-06-17 18:00,-0.034,0.003,0,0
2012-06-17 19:00,0.140,0.002,0,0
2012-06-17 20:00,0.352,0.003,0,0
2012-06-17 21:00,0.576,0.004,0,0
2012-06-17 22:00,0.765,0.002,0,0
2012-06-17 23:00,0.871,0.002,0,0
2012-06-18 00:00,0.876,0.002,0,0
2012-06-18 01:00,0.780,0.002,0,0
2012-06-18 02:00,0.571,0.002,0,0
2012-06-18 03:00,0.357,0.002,0,0
2012-06-18 04:00,0.177,0.002,0,0
2012-06-18 05:00,0.044,0.001,0,0
2012-06-18 06:00,-0.011,0.000,0,0
2012-06-18 07:00,0.040,0.001,0,0
2012-06-18 08:00,0.160,0.002,0,0
2012-06-18 09:00,0.327,0.002,0,0
2012-06-18 10:00,0.505,0.001,0,0
2012-06-18 11:00,0.616,0.002,0,0
2012-06-18 12:00,0.631,0.001,0,0
2012-06-18 13:00,0.543,0.002,0,0
2012-06-18 14:00,0.344,0.003,0,0
2012-06-18 15:00,0.160,0.003,0,0
2012-06-18 16:00,-0.021,0.002,0,0
2012-06-18 17:00,-0.133,0.002,0,0
2012-06-18 18:00,-0.132,0.002,0,0
2012-06-18 19:00,-0.014,0.003,0,0
2012-06-18 20:00,0.206,0.003,0,0
2012-06-18 21:00,0.430,0.003,0,0
2012-06-18 22:00,0.639,0.003,0,0
2012-06-18 23:00,0.808,0.002,0,0
2012-06-19 00:00,0.877,0.000,0,0
2012-06-19 01:00,0.833,0.002,0,0
2012-06-19 02:00,0.659,0.003,0,0
2012-06-19 03:00,0.445,0.004,0,0
2012-06-19 04:00,0.236,0.002,0,0
2012-06-19 05:00,0.043,0.002,0,0
2012-06-19 06:00,-0.069,0.001,0,0
2012-06-19 07:00,-0.106,0.000,0,0
2012-06-19 08:00,-0.039,0.001,0,0
2012-06-19 09:00,0.133,0.003,0,0
2012-06-19 10:00,0.321,0.003,0,0
2012-06-19 11:00,0.488,0.002,0,0
2012-06-19 12:00,0.569,0.001,0,0
2012-06-19 13:00,0.537,0.001,0,0
2012-06-19 14:00,0.374,0.003,0,0
2012-06-19 15:00,0.171,0.003,0,0
2012-06-19 16:00,-0.026,0.002,0,0
2012-06-19 17:00,-0.183,0.002,0,0
2012-06-19 18:00,-0.256,0.001,0,0
2012-06-19 19:00,-0.200,0.002,0,0
2012-06-19 20:00,-0.041,0.003,0,0
2012-06-19 21:00,0.181,0.003,0,0
2012-06-19 22:00,0.405,0.003,0,0
2012-06-19 23:00,0.607,0.002,0,0
2012-06-20 00:00,0.753,0.002,0,0
2012-06-20 01:00,0.789,0.001,0,0
2012-06-20 02:00,0.686,0.003,0,0
2012-06-20 03:00,0.476,0.003,0,0
2012-06-20 04:00,0.237,0.003,0,0
2012-06-20 05:00,0.026,0.002,0,0
2012-06-20 06:00,-0.150,0.000,0,0
2012-06-20 07:00,-0.243,0.000,0,0
2012-06-20 08:00,-0.190,0.001,0,0
2012-06-20 09:00,-0.062,0.001,0,0
2012-06-20 10:00,0.124,0.003,0,0
2012-06-20 11:00,0.314,0.003,0,0
2012-06-20 12:00,0.445,0.001,0,0
2012-06-20 13:00,0.483,0.000,0,0
2012-06-20 14:00,0.400,0.000,0,0
2012-06-20 15:00,0.213,0.003,0,0
2012-06-20 16:00,0.033,0.003,0,0
2012-06-20 17:00,-0.161,0.001,0,0
2012-06-20 18:00,-0.308,0.000,0,0
2012-06-20 19:00,-0.360,0.001,0,0
2012-06-20 20:00,-0.241,0.001,0,0
2012-06-20 21:00,-0.059,0.003,0,0
2012-06-20 22:00,0.178,0.003,0,0
2012-06-20 23:00,0.423,0.003,0,0
2012-06-21 00:00,0.608,0.001,0,0
2012-06-21 01:00,0.704,0.000,1,0
2012-06-21 02:00,0.701,0.000,1,0
2012-06-21 03:00,0.571,0.000,1,0
2012-06-21 04:00,0.355,0.000,1,0
2012-06-21 05:00,0.085,0.003,0,0
2012-06-21 06:00,-0.142,0.003,0,0
2012-06-21 07:00,-0.284,0.002,0,0
2012-06-21 08:00,-0.340,0.001,0,0
2012-06-21 09:00,-0.276,0.001,0,0
2012-06-21 10:00,-0.087,0.003,0,0
2012-06-21 11:00,0.116,0.002,0,0
2012-06-21 12:00,0.290,0.002,0,0
2012-06-21 13:00,0.396,0.002,0,0
2012-06-21 14:00,0.422,0.002,0,0
2012-06-21 15:00,0.322,0.002,0,0
2012-06-21 16:00,0.118,0.003,0,0
2012-06-21 17:00,-0.041,0.004,0,0
2012-06-21 18:00,-0.255,0.003,0,0
2012-06-21 19:00,-0.374,0.002,0,0
2012-06-21 20:00,-0.375,0.002,0,0
2012-06-21 21:00,-0.240,0.003,0,0
2012-06-21 22:00,0.020,0.004,0,0
2012-06-21 23:00,0.243,0.003,0,0
2012-06-22 00:00,0.456,0.003,0,0
2012-06-22 01:00,0.620,0.002,0,0
2012-06-22 02:00,0.676,0.002,0,0
2012-06-22 03:00,0.614,0.003,0,0
2012-06-22 04:00,0.419,0.003,0,0
2012-06-22 05:00,0.206,0.004,0,0
2012-06-22 06:00,-0.029,0.003,0,0
2012-06-22 07:00,-0.248,0.002,0,0
2012-06-22 08:00,-0.363,0.001,0,0
2012-06-22 09:00,-0.352,0.002,0,0
2012-06-22 10:00,-0.232,0.002,0,0
2012-06-22 11:00,-0.018,0.002,0,0
2012-06-22 12:00,0.185,0.003,0,0
2012-06-22 13:00,0.362,0.003,0,0
2012-06-22 14:00,0.462,0.002,0,0
2012-06-22 15:00,0.464,0.002,0,0
2012-06-22 16:00,0.317,0.004,0,0
2012-06-22 17:00,0.129,0.003,0,0
2012-06-22 18:00,-0.077,0.003,0,0
2012-06-22 19:00,-0.242,0.003,0,0
2012-06-22 20:00,-0.313,0.003,0,0
2012-06-22 21:00,-0.278,0.004,0,0
2012-06-22 22:00,-0.112,0.005,0,0
2012-06-22 23:00,0.104,0.004,0,0
2012-06-23 00:00,0.310,0.003,0,0
2012-06-23 01:00,0.512,0.003,0,0
2012-06-23 02:00,0.646,0.003,0,0
2012-06-23 03:00,0.670,0.002,0,0
2012-06-23 04:00,0.557,0.003,0,0
2012-06-23 05:00,0.374,0.003,0,0
2012-06-23 06:00,0.143,0.004,0,0
2012-06-23 07:00,-0.047,0.004,0,0
2012-06-23 08:00,-0.230,0.003,0,0
2012-06-23 09:00,-0.333,0.002,0,0
2012-06-23 10:00,-0.274,0.001,0,0
2012-06-23 11:00,-0.136,0.003,0,0
2012-06-23 12:00,0.079,0.003,0,0
2012-06-23 13:00,0.286,0.001,0,0
2012-06-23 14:00,0.436,0.002,0,0
2012-06-23 15:00,0.497,0.002,0,0
2012-06-23 16:00,0.485,0.002,0,0
2012-06-23 17:00,0.321,0.003,0,0
2012-06-23 18:00,0.136,0.003,0,0
2012-06-23 19:00,-0.049,0.002,0,0
2012-06-23 20:00,-0.205,0.002,0,0
2012-06-23 21:00,-0.288,0.001,0,0
2012-06-23 22:00,-0.204,0.002,0,0
2012-06-23 23:00,-0.048,0.003,0,0
2012-06-24 00:00,0.147,0.004,0,0
2012-06-24 01:00,0.381,0.002,0,0
2012-06-24 02:00,0.547,0.002,0,0
2012-06-24 03:00,0.648,0.002,0,0
2012-06-24 04:00,0.653,0.002,0,0
2012-06-24 05:00,0.546,0.001,0,0
2012-06-24 06:00,0.304,0.003,0,0
2012-06-24 07:00,0.082,0.002,0,0
2012-06-24 08:00,-0.139,0.002,0,0
2012-06-24 09:00,-0.278,0.001,0,0
2012-06-24 10:00,-0.290,0.003,0,0
2012-06-24 11:00,-0.224,0.005,0,0
2012-06-24 12:00,-0.040,0.003,0,0
2012-06-24 13:00,0.155,0.003,0,0
2012-06-24 14:00,0.354,0.002,0,0
2012-06-24 15:00,0.505,0.002,0,0
2012-06-24 16:00,0.574,0.001,0,0
2012-06-24 17:00,0.529,0.003,0,0
2012-06-24 18:00,0.285,0.003,0,0
2012-06-24 19:00,0.119,0.002,0,0
2012-06-24 20:00,-0.089,0.003,0,0
2012-06-24 21:00,-0.210,0.002,0,0
2012-06-24 22:00,-0.256,0.001,0,0
2012-06-24 23:00,-0.149,0.002,0,0
2012-06-25 00:00,0.030,0.003,0,0
2012-06-25 01:00,0.217,0.002,0,0
2012-06-25 02:00,0.419,0.002,0,0
2012-06-25 03:00,0.604,0.001,0,0
2012-06-25 04:00,0.682,0.001,0,0
2012-06-25 05:00,0.636,0.002,0,0
2012-06-25 06:00,0.464,0.002,0,0
2012-06-25 07:00,0.260,0.003,0,0
2012-06-25 08:00,0.008,0.003,0,0
2012-06-25 09:00,-0.159,0.001,0,0
2012-06-25 10:00,-0.227,0.001,0,0
2012-06-25 11:00,-0.273,0.001,0,0
2012-06-25 12:00,-0.121,0.003,0,0
2012-06-25 13:00,0.012,0.003,0,0
2012-06-25 14:00,0.238,0.003,0,0
2012-06-25 15:00,0.478,0.002,0,0
2012-06-25 16:00,0.578,0.002,0,0
2012-06-25 17:00,0.641,0.001,0,0
2012-06-25 18:00,0.597,0.002,0,0
2012-06-25 19:00,0.408,0.003,0,0
2012-06-25 20:00,0.215,0.004,0,0
2012-06-25 21:00,0.027,0.003,0,0
2012-06-25 22:00,-0.074,0.004,0,0
2012-06-25 23:00,-0.149,0.003,0,0
2012-06-26 00:00,-0.086,0.004,0,0
2012-06-26 01:00,0.090,0.004,0,0
2012-06-26 02:00,0.268,0.003,0,0
2012-06-26 03:00,0.428,0.004,0,0
2012-06-26 04:00,0.582,0.003,0,0
2012-06-26 05:00,0.625,0.002,0,0
2012-06-26 06:00,0.529,0.005,0,0
2012-06-26 07:00,0.351,0.004,0,0
2012-06-26 08:00,0.178,0.003,0,0
2012-06-26 09:00,-0.041,0.004,0,0
2012-06-26 10:00,-0.217,0.005,0,0
2012-06-26 11:00,-0.368,0.001,0,0
2012-06-26 12:00,-0.353,0.001,0,0
2012-06-26 13:00,-0.211,0.004,0,0
2012-06-26 14:00,0.028,0.004,0,0
2012-06-26 15:00,0.292,0.003,0,0
2012-06-26 16:00,0.490,0.003,0,0
2012-06-26 17:00,0.665,0.003,0,0
2012-06-26 18:00,0.746,0.001,0,0
2012-06-26 19:00,0.751,0.002,0,0
2012-06-26 20:00,0.529,0.003,0,0
2012-06-26 21:00,0.319,0.003,0,0
2012-06-26 22:00,0.129,0.002,0,0
2012-06-26 23:00,-0.027,0.002,0,0
2012-06-27 00:00,-0.057,0.001,0,0
2012-06-27 01:00,0.014,0.001,0,0
2012-06-27 02:00,0.207,0.002,0,0
2012-06-27 03:00,0.375,0.002,0,0
2012-06-27 04:00,0.536,0.002,0,0
2012-06-27 05:00,0.671,0.001,0,0
2012-06-27 06:00,0.728,0.001,0,0
2012-06-27 07:00,0.694,0.001,0,0
2012-06-27 08:00,0.506,0.003,0,0
2012-06-27 09:00,0.308,0.003,0,0
2012-06-27 10:00,0.094,0.002,0,0
2012-06-27 11:00,-0.073,0.001,0,0
2012-06-27 12:00,-0.147,0.000,0,0
2012-06-27 13:00,-0.127,0.002,0,0
2012-06-27 14:00,0.002,0.002,0,0
2012-06-27 15:00,0.208,0.002,0,0
2012-06-27 16:00,0.417,0.004,0,0
2012-06-27 17:00,0.641,0.003,0,0
2012-06-27 18:00,0.773,0.001,0,0
2012-06-27 19:00,0.797,0.001,0,0
2012-06-27 20:00,0.717,0.002,0,0
2012-06-27 21:00,0.523,0.003,0,0
2012-06-27 22:00,0.306,0.003,0,0
2012-06-27 23:00,0.109,0.003,0,0
2012-06-28 00:00,-0.052,0.001,0,0
2012-06-28 01:00,-0.105,0.000,0,0
2012-06-28 02:00,-0.075,0.002,0,0
2012-06-28 03:00,0.048,0.002,0,0
2012-06-28 04:00,0.258,0.004,0,0
2012-06-28 05:00,0.452,0.002,0,0
2012-06-28 06:00,0.565,0.001,0,0
2012-06-28 07:00,0.600,0.001,0,0
2012-06-28 08:00,0.496,0.002,0,0
2012-06-28 09:00,0.310,0.003,0,0
2012-06-28 10:00,0.105,0.003,0,0
2012-06-28 11:00,-0.104,0.003,0,0
2012-06-28 12:00,-0.277,0.002,0,0
2012-06-28 13:00,-0.367,0.000,0,0
2012-06-28 14:00,-0.351,0.001,0,0
2012-06-28 15:00,-0.195,0.003,0,0
2012-06-28 16:00,0.068,0.003,0,0
2012-06-28 17:00,0.320,0.004,0,0
2012-06-28 18:00,0.544,0.002,0,0
2012-06-28 19:00,0.681,0.002,0,0
2012-06-28 20:00,0.712,0.001,0,0
2012-06-28 21:00,0.594,0.003,0,0
2012-06-28 22:00,0.406,0.003,0,0
2012-06-28 23:00,0.207,0.003,0,0
2012-06-29 00:00,-0.020,0.003,0,0
2012-06-29 01:00,-0.205,0.002,0,0
2012-06-29 02:00,-0.291,0.002,0,0
2012-06-29 03:00,-0.254,0.002,0,0
2012-06-29 04:00,-0.103,0.003,0,0
2012-06-29 05:00,0.114,0.003,0,0
2012-06-29 06:00,0.306,0.003,0,0
2012-06-29 07:00,0.424,0.002,0,0
2012-06-29 08:00,0.450,0.002,0,0
2012-06-29 09:00,0.360,0.002,0,0
2012-06-29 10:00,0.200,0.002,0,0
2012-06-29 11:00,-0.007,0.004,0,0
2012-06-29 12:00,-0.237,0.003,0,0
2012-06-29 13:00,-0.419,0.003,0,0
2012-06-29 14:00,-0.494,0.002,0,0
2012-06-29 15:00,-0.470,0.002,0,0
2012-06-29 16:00,-0.309,0.004,0,0
2012-06-29 17:00,-0.012,0.003,0,0
2012-06-29 18:00,0.264,0.004,0,0
2012-06-29 19:00,0.508,0.003,0,0
2012-06-29 20:00,0.639,0.003,0,0
2012-06-29 21:00,0.692,0.002,0,0
2012-06-29 22:00,0.594,0.003,0,0
2012-06-29 23:00,0.349,0.003,0,0
2012-06-30 00:00,0.113,0.003,0,0
2012-06-30 01:00,-0.119,0.003,0,0
2012-06-30 02:00,-0.302,0.002,0,0
2012-06-30 03:00,-0.412,0.001,0,0
2012-06-30 04:00,-0.370,0.002,0,0
2012-06-30 05:00,-0.218,0.002,0,0
2012-06-30 06:00,0.010,0.004,0,0
2012-06-30 07:00,0.229,0.002,0,0
2012-06-30 08:00,0.342,0.002,0,0
2012-06-30 09:00,0.440,0.002,0,0
2012-06-30 10:00,0.367,0.002,0,0
2012-06-30 11:00,0.174,0.003,0,0
2012-06-30 12:00,-0.046,0.003,0,0
2012-06-30 13:00,-0.286,0.002,0,0
2012-06-30 14:00,-0.491,0.003,0,0
2012-06-30 15:00,-0.596,0.001,0,0
2012-06-30 16:00,-0.515,0.002,0,0
2012-06-30 17:00,-0.267,0.004,0,0
2012-06-30 18:00,0.024,0.006,0,0
2012-06-30 19:00,0.319,0.005,0,0
2012-06-30 20:00,0.555,0.003,0,0
2012-06-30 21:00,0.730,0.002,0,0
2012-06-30 22:00,0.775,0.002,0,0
2012-06-30 23:00,0.705,0.003,0,0
2012-07-01 00:00,0.452,0.004,0,0
2012-07-01 01:00,0.188,0.004,0,0
2012-07-01 02:00,-0.064,0.004,0,0
2012-07-01 03:00,-0.268,0.002,0,0
2012-07-01 04:00,-0.390,0.001,0,0
2012-07-01 05:00,-0.322,0.002,0,0
2012-07-01 06:00,-0.177,0.003,0,0
2012-07-01 07:00,0.059,0.002,0,0
2012-07-01 08:00,0.272,0.002,0,0
2012-07-01 09:00,0.406,0.003,0,0
2012-07-01 10:00,0.465,0.002,0,0
2012-07-01 11:00,0.396,0.002,0,0
2012-07-01 12:00,0.233,0.004,0,0
2012-07-01 13:00,-0.014,0.004,0,0
2012-07-01 14:00,-0.274,0.003,0,0
2012-07-01 15:00,-0.492,0.003,0,0
2012-07-01 16:00,-0.597,0.001,0,0
2012-07-01 17:00,-0.540,0.006,0,0
2012-07-01 18:00,-0.297,0.003,0,0
2012-07-01 19:00,0.004,0.004,0,0
2012-07-01 20:00,0.282,0.005,0,0
2012-07-01 21:00,0.539,0.004,0,0
2012-07-01 22:00,0.776,0.005,0,0
2012-07-01 23:00,0.677,0.007,0,0
